OrderID,Date,CustomerID,Product,Quantity,UnitPrice,GrossAmount,CouponCode,DiscountPercent,DiscountAmount,NetAmount,TotalPrice,ShippingAddress,PaymentMethod,OrderStatus,TrackingNumber,ItemsInCart,ReferralSource,OrderYear,OrderMonth,OrderMonthName,OrderDay,DayOfWeek,IsWeekend
ORD200000,2023-01-04,C72649,Monitor,5,570.62,2853.1,SAVE10,0.1,285.31,2567.79,2853.1,928 Main St,Debit Card,Shipped,TRK37947903,7,Instagram,2023,1,January,4,Wednesday,0
ORD200001,2024-08-23,C75739,Phone,2,151.35,302.7,SAVE10,0.1,30.27,272.43,302.7,823 Main St,Online,Shipped,TRK91186779,3,Referral,2024,8,August,23,Friday,0
ORD200002,2024-02-27,C81728,Tablet,5,550.68,2753.4,FREESHIP,0.0,0.0,2753.4,2753.4,512 Main St,Credit Card,Cancelled,TRK42903982,8,Email,2024,2,February,27,Tuesday,0
ORD200003,2023-10-15,C33540,Chair,1,273.19,273.19,SAVE10,0.1,27.32,245.87,273.19,275 Main St,Debit Card,Returned,TRK62788070,5,Facebook,2023,10,October,15,Sunday,1
ORD200004,2025-05-08,C81840,Printer,4,626.01,2504.04,SAVE10,0.1,250.4,2253.64,2504.04,668 Main St,Online,Delivered,TRK29241424,8,Email,2025,5,May,8,Thursday,0
ORD200005,2023-10-23,C37249,Phone,2,245.86,491.72,SAVE10,0.1,49.17,442.55,491.72,934 Main St,Credit Card,Shipped,TRK72976927,4,Instagram,2023,10,October,23,Monday,0
ORD200006,2025-06-17,C83492,Laptop,1,664.42,664.42,SAVE10,0.1,66.44,597.98,664.42,986 Main St,Gift Card,Returned,TRK96417362,6,Facebook,2025,6,June,17,Tuesday,0
ORD200007,2023-05-12,C41460,Monitor,5,149.55,747.75,FREESHIP,0.0,0.0,747.75,747.75,706 Main St,Cash,Shipped,TRK78809193,9,Facebook,2023,5,May,12,Friday,0
ORD200008,2025-04-02,C26817,Phone,2,134.28,268.56,NO_COUPON,0.0,0.0,268.56,268.56,904 Main St,Gift Card,Cancelled,TRK61042692,2,Email,2025,4,April,2,Wednesday,0
ORD200009,2023-11-21,C31946,Desk,4,509.38,2037.52,SAVE10,0.1,203.75,1833.77,2037.52,102 Main St,Credit Card,Shipped,TRK33478363,6,Google,2023,11,November,21,Tuesday,0
ORD200010,2023-12-29,C43443,Tablet,5,625.97,3129.85,WINTER15,0.15,469.48,2660.37,3129.85,333 Main St,Credit Card,Returned,TRK98859248,9,Instagram,2023,12,December,29,Friday,0
ORD200011,2024-02-17,C93861,Monitor,3,49.14,147.42,SAVE10,0.1,14.74,132.68,147.42,831 Main St,Online,Returned,TRK48234646,7,Email,2024,2,February,17,Saturday,1
ORD200012,2024-10-15,C38785,Monitor,2,180.5,361.0,FREESHIP,0.0,0.0,361.0,361.0,179 Main St,Debit Card,Pending,TRK20419991,6,Referral,2024,10,October,15,Tuesday,0
ORD200013,2023-08-30,C88348,Laptop,3,201.49,604.47,FREESHIP,0.0,0.0,604.47,604.47,903 Main St,Credit Card,Returned,TRK81913874,4,Facebook,2023,8,August,30,Wednesday,0
ORD200014,2023-03-27,C98474,Tablet,2,393.33,786.66,SAVE10,0.1,78.67,707.99,786.66,980 Main St,Debit Card,Pending,TRK79186539,3,Instagram,2023,3,March,27,Monday,0
ORD200015,2023-07-17,C39416,Printer,1,473.96,473.96,NO_COUPON,0.0,0.0,473.96,473.96,942 Main St,Cash,Delivered,TRK54930938,3,Google,2023,7,July,17,Monday,0
ORD200016,2023-01-24,C28976,Printer,2,533.81,1067.62,FREESHIP,0.0,0.0,1067.62,1067.62,914 Main St,Credit Card,Pending,TRK13194259,3,Email,2023,1,January,24,Tuesday,0
ORD200017,2024-03-02,C60672,Tablet,1,423.4,423.4,NO_COUPON,0.0,0.0,423.4,423.4,382 Main St,Debit Card,Shipped,TRK11972116,3,Referral,2024,3,March,2,Saturday,1
ORD200018,2025-03-26,C84329,Desk,1,431.44,431.44,SAVE10,0.1,43.14,388.3,431.44,891 Main St,Gift Card,Pending,TRK65191045,3,Facebook,2025,3,March,26,Wednesday,0
ORD200019,2023-01-23,C14552,Monitor,5,224.0,1120.0,SAVE10,0.1,112.0,1008.0,1120.0,273 Main St,Cash,Returned,TRK59101365,9,Google,2023,1,January,23,Monday,0
ORD200020,2023-05-08,C54829,Chair,5,62.51,312.55,WINTER15,0.15,46.88,265.67,312.55,587 Main St,Cash,Pending,TRK16718651,9,Instagram,2023,5,May,8,Monday,0
ORD200021,2024-11-17,C99023,Monitor,4,342.95,1371.8,NO_COUPON,0.0,0.0,1371.8,1371.8,569 Main St,Cash,Delivered,TRK52646983,6,Google,2024,11,November,17,Sunday,1
ORD200022,2023-01-29,C34416,Monitor,2,49.62,99.24,SAVE10,0.1,9.92,89.32,99.24,633 Main St,Online,Pending,TRK75937350,2,Google,2023,1,January,29,Sunday,1
ORD200023,2025-04-09,C42372,Phone,4,273.25,1093.0,FREESHIP,0.0,0.0,1093.0,1093.0,755 Main St,Debit Card,Cancelled,TRK36168083,5,Referral,2025,4,April,9,Wednesday,0
ORD200024,2024-10-30,C17470,Laptop,2,230.95,461.9,WINTER15,0.15,69.28,392.62,461.9,956 Main St,Online,Delivered,TRK28775057,3,Referral,2024,10,October,30,Wednesday,0
ORD200025,2024-07-24,C42577,Monitor,1,399.98,399.98,WINTER15,0.15,60.0,339.98,399.98,709 Main St,Debit Card,Delivered,TRK69423327,3,Email,2024,7,July,24,Wednesday,0
ORD200026,2024-03-06,C21944,Laptop,5,59.55,297.75,NO_COUPON,0.0,0.0,297.75,297.75,296 Main St,Online,Delivered,TRK80276812,6,Referral,2024,3,March,6,Wednesday,0
ORD200027,2024-02-22,C97593,Printer,1,472.74,472.74,WINTER15,0.15,70.91,401.83,472.74,881 Main St,Online,Shipped,TRK89117573,6,Google,2024,2,February,22,Thursday,0
ORD200028,2023-11-21,C59823,Phone,4,160.07,640.28,NO_COUPON,0.0,0.0,640.28,640.28,568 Main St,Online,Pending,TRK65895539,5,Email,2023,11,November,21,Tuesday,0
ORD200029,2024-09-20,C33260,Desk,3,423.53,1270.59,SAVE10,0.1,127.06,1143.53,1270.59,930 Main St,Credit Card,Delivered,TRK59744090,6,Referral,2024,9,September,20,Friday,0
ORD200030,2025-03-22,C44267,Monitor,2,426.7,853.4,SAVE10,0.1,85.34,768.06,853.4,895 Main St,Online,Pending,TRK54751444,5,Referral,2025,3,March,22,Saturday,1
ORD200031,2023-06-30,C26445,Chair,3,500.08,1500.24,NO_COUPON,0.0,0.0,1500.24,1500.24,996 Main St,Debit Card,Returned,TRK31229981,6,Facebook,2023,6,June,30,Friday,0
ORD200032,2023-05-01,C12388,Tablet,5,536.72,2683.6,NO_COUPON,0.0,0.0,2683.6,2683.6,830 Main St,Cash,Delivered,TRK99261395,10,Email,2023,5,May,1,Monday,0
ORD200033,2023-06-05,C52184,Chair,1,162.77,162.77,WINTER15,0.15,24.42,138.35,162.77,912 Main St,Online,Cancelled,TRK73312471,4,Facebook,2023,6,June,5,Monday,0
ORD200034,2023-01-07,C67195,Chair,4,576.52,2306.08,WINTER15,0.15,345.91,1960.17,2306.08,926 Main St,Credit Card,Pending,TRK55467915,5,Facebook,2023,1,January,7,Saturday,1
ORD200035,2024-12-07,C50304,Monitor,2,465.15,930.3,SAVE10,0.1,93.03,837.27,930.3,128 Main St,Online,Shipped,TRK46850888,2,Facebook,2024,12,December,7,Saturday,1
ORD200036,2025-05-08,C59337,Laptop,2,534.43,1068.86,NO_COUPON,0.0,0.0,1068.86,1068.86,465 Main St,Debit Card,Pending,TRK50961250,5,Facebook,2025,5,May,8,Thursday,0
ORD200037,2024-10-14,C10054,Laptop,2,76.74,153.48,SAVE10,0.1,15.35,138.13,153.48,409 Main St,Cash,Returned,TRK94005261,7,Instagram,2024,10,October,14,Monday,0
ORD200038,2024-12-19,C15924,Laptop,1,245.89,245.89,SAVE10,0.1,24.59,221.3,245.89,549 Main St,Debit Card,Delivered,TRK14835975,3,Google,2024,12,December,19,Thursday,0
ORD200039,2025-02-27,C96664,Printer,3,256.46,769.38,SAVE10,0.1,76.94,692.44,769.38,666 Main St,Credit Card,Delivered,TRK85508960,4,Referral,2025,2,February,27,Thursday,0
ORD200040,2023-08-20,C84766,Desk,2,344.02,688.04,FREESHIP,0.0,0.0,688.04,688.04,267 Main St,Online,Delivered,TRK78967923,4,Instagram,2023,8,August,20,Sunday,1
ORD200041,2023-12-05,C20212,Monitor,3,611.45,1834.35,FREESHIP,0.0,0.0,1834.35,1834.35,657 Main St,Gift Card,Pending,TRK69733327,4,Instagram,2023,12,December,5,Tuesday,0
ORD200042,2024-05-06,C28712,Printer,2,151.66,303.32,NO_COUPON,0.0,0.0,303.32,303.32,980 Main St,Cash,Cancelled,TRK40772558,6,Instagram,2024,5,May,6,Monday,0
ORD200043,2023-12-14,C60572,Chair,3,499.21,1497.63,NO_COUPON,0.0,0.0,1497.63,1497.63,871 Main St,Online,Cancelled,TRK20351666,8,Instagram,2023,12,December,14,Thursday,0
ORD200044,2025-04-21,C73225,Phone,2,550.18,1100.36,FREESHIP,0.0,0.0,1100.36,1100.36,996 Main St,Gift Card,Returned,TRK73848522,3,Referral,2025,4,April,21,Monday,0
ORD200045,2024-02-10,C17388,Chair,1,317.25,317.25,SAVE10,0.1,31.72,285.53,317.25,157 Main St,Debit Card,Returned,TRK47077395,1,Facebook,2024,2,February,10,Saturday,1
ORD200046,2024-06-26,C43212,Monitor,4,550.14,2200.56,FREESHIP,0.0,0.0,2200.56,2200.56,223 Main St,Debit Card,Pending,TRK25100762,4,Instagram,2024,6,June,26,Wednesday,0
ORD200047,2023-07-19,C38134,Desk,2,209.94,419.88,FREESHIP,0.0,0.0,419.88,419.88,323 Main St,Credit Card,Returned,TRK42450754,3,Email,2023,7,July,19,Wednesday,0
ORD200048,2023-08-26,C12408,Monitor,2,80.77,161.54,NO_COUPON,0.0,0.0,161.54,161.54,464 Main St,Debit Card,Shipped,TRK38938858,4,Google,2023,8,August,26,Saturday,1
ORD200049,2023-10-07,C11985,Printer,1,30.44,30.44,SAVE10,0.1,3.04,27.4,30.44,633 Main St,Credit Card,Shipped,TRK53272402,1,Email,2023,10,October,7,Saturday,1
ORD200050,2023-07-31,C96494,Tablet,1,179.22,179.22,FREESHIP,0.0,0.0,179.22,179.22,446 Main St,Online,Cancelled,TRK14675049,6,Instagram,2023,7,July,31,Monday,0
ORD200051,2024-12-30,C36778,Tablet,1,388.33,388.33,SAVE10,0.1,38.83,349.5,388.33,434 Main St,Cash,Returned,TRK67610289,2,Facebook,2024,12,December,30,Monday,0
ORD200052,2024-09-08,C30513,Tablet,1,586.44,586.44,SAVE10,0.1,58.64,527.8,586.44,232 Main St,Online,Returned,TRK64320429,5,Facebook,2024,9,September,8,Sunday,1
ORD200053,2024-05-18,C67551,Phone,4,488.78,1955.12,FREESHIP,0.0,0.0,1955.12,1955.12,512 Main St,Online,Returned,TRK94992552,5,Google,2024,5,May,18,Saturday,1
ORD200054,2025-03-27,C48120,Chair,1,280.25,280.25,WINTER15,0.15,42.04,238.21,280.25,623 Main St,Online,Pending,TRK11014449,5,Email,2025,3,March,27,Thursday,0
ORD200055,2025-06-24,C95984,Printer,3,344.4,1033.2,NO_COUPON,0.0,0.0,1033.2,1033.2,565 Main St,Online,Cancelled,TRK67434829,3,Facebook,2025,6,June,24,Tuesday,0
ORD200056,2023-05-21,C54298,Tablet,3,479.21,1437.63,WINTER15,0.15,215.64,1221.99,1437.63,566 Main St,Cash,Cancelled,TRK62902341,5,Referral,2023,5,May,21,Sunday,1
ORD200057,2023-01-22,C88036,Printer,5,314.27,1571.35,SAVE10,0.1,157.14,1414.21,1571.35,842 Main St,Cash,Returned,TRK52470128,6,Instagram,2023,1,January,22,Sunday,1
ORD200058,2023-01-15,C60190,Phone,4,474.69,1898.76,SAVE10,0.1,189.88,1708.88,1898.76,202 Main St,Gift Card,Cancelled,TRK70857868,6,Google,2023,1,January,15,Sunday,1
ORD200059,2024-09-11,C97603,Chair,4,593.27,2373.08,NO_COUPON,0.0,0.0,2373.08,2373.08,811 Main St,Online,Shipped,TRK47055028,5,Facebook,2024,9,September,11,Wednesday,0
ORD200060,2024-08-21,C39256,Desk,1,417.1,417.1,FREESHIP,0.0,0.0,417.1,417.1,634 Main St,Debit Card,Returned,TRK23412025,3,Referral,2024,8,August,21,Wednesday,0
ORD200061,2024-03-24,C61618,Desk,4,122.2,488.8,FREESHIP,0.0,0.0,488.8,488.8,104 Main St,Cash,Delivered,TRK43458485,7,Facebook,2024,3,March,24,Sunday,1
ORD200062,2023-08-22,C36497,Desk,2,43.15,86.3,WINTER15,0.15,12.94,73.36,86.3,691 Main St,Debit Card,Pending,TRK12102911,3,Email,2023,8,August,22,Tuesday,0
ORD200063,2025-02-02,C96695,Chair,1,564.86,564.86,WINTER15,0.15,84.73,480.13,564.86,813 Main St,Debit Card,Shipped,TRK64283851,6,Referral,2025,2,February,2,Sunday,1
ORD200064,2025-06-25,C49720,Printer,3,130.61,391.83,FREESHIP,0.0,0.0,391.83,391.83,752 Main St,Debit Card,Cancelled,TRK55785217,4,Facebook,2025,6,June,25,Wednesday,0
ORD200065,2023-12-30,C97735,Monitor,5,81.7,408.5,NO_COUPON,0.0,0.0,408.5,408.5,385 Main St,Credit Card,Delivered,TRK13743703,6,Instagram,2023,12,December,30,Saturday,1
ORD200066,2024-11-15,C18104,Chair,5,127.18,635.9,SAVE10,0.1,63.59,572.31,635.9,715 Main St,Cash,Cancelled,TRK15488568,9,Referral,2024,11,November,15,Friday,0
ORD200067,2024-12-09,C25587,Printer,4,12.1,48.4,NO_COUPON,0.0,0.0,48.4,48.4,440 Main St,Debit Card,Cancelled,TRK55105323,8,Google,2024,12,December,9,Monday,0
ORD200068,2023-12-11,C41598,Chair,3,490.92,1472.76,FREESHIP,0.0,0.0,1472.76,1472.76,709 Main St,Credit Card,Pending,TRK81665940,5,Email,2023,12,December,11,Monday,0
ORD200069,2023-05-11,C43338,Monitor,3,478.65,1435.95,NO_COUPON,0.0,0.0,1435.95,1435.95,552 Main St,Online,Shipped,TRK35241775,4,Referral,2023,5,May,11,Thursday,0
ORD200070,2023-05-26,C25123,Desk,1,629.21,629.21,FREESHIP,0.0,0.0,629.21,629.21,384 Main St,Gift Card,Pending,TRK27812282,2,Instagram,2023,5,May,26,Friday,0
ORD200071,2025-06-10,C37454,Monitor,3,434.45,1303.35,NO_COUPON,0.0,0.0,1303.35,1303.35,923 Main St,Credit Card,Pending,TRK28252730,4,Referral,2025,6,June,10,Tuesday,0
ORD200072,2024-12-22,C19451,Tablet,4,589.44,2357.76,NO_COUPON,0.0,0.0,2357.76,2357.76,942 Main St,Gift Card,Returned,TRK87787793,5,Facebook,2024,12,December,22,Sunday,1
ORD200073,2023-05-03,C17269,Monitor,4,433.45,1733.8,NO_COUPON,0.0,0.0,1733.8,1733.8,129 Main St,Gift Card,Cancelled,TRK79608389,4,Facebook,2023,5,May,3,Wednesday,0
ORD200074,2023-06-24,C25382,Phone,5,90.87,454.35,NO_COUPON,0.0,0.0,454.35,454.35,622 Main St,Cash,Pending,TRK64691287,5,Instagram,2023,6,June,24,Saturday,1
ORD200075,2023-09-26,C80651,Tablet,3,398.17,1194.51,SAVE10,0.1,119.45,1075.06,1194.51,917 Main St,Debit Card,Delivered,TRK14846720,5,Email,2023,9,September,26,Tuesday,0
ORD200076,2024-03-31,C58638,Laptop,4,382.88,1531.52,WINTER15,0.15,229.73,1301.79,1531.52,239 Main St,Cash,Cancelled,TRK38224871,6,Email,2024,3,March,31,Sunday,1
ORD200077,2024-05-24,C50121,Phone,1,583.18,583.18,NO_COUPON,0.0,0.0,583.18,583.18,348 Main St,Credit Card,Returned,TRK79810059,5,Google,2024,5,May,24,Friday,0
ORD200078,2024-08-06,C32029,Printer,4,175.36,701.44,FREESHIP,0.0,0.0,701.44,701.44,146 Main St,Debit Card,Delivered,TRK68535532,4,Instagram,2024,8,August,6,Tuesday,0
ORD200079,2025-03-10,C76700,Tablet,2,311.91,623.82,NO_COUPON,0.0,0.0,623.82,623.82,103 Main St,Online,Shipped,TRK13036341,2,Facebook,2025,3,March,10,Monday,0
ORD200080,2023-06-27,C29041,Phone,3,589.56,1768.68,NO_COUPON,0.0,0.0,1768.68,1768.68,591 Main St,Online,Returned,TRK28840655,6,Facebook,2023,6,June,27,Tuesday,0
ORD200081,2023-06-08,C29314,Monitor,2,394.3,788.6,FREESHIP,0.0,0.0,788.6,788.6,496 Main St,Cash,Shipped,TRK59876213,6,Email,2023,6,June,8,Thursday,0
ORD200082,2024-01-05,C65799,Tablet,4,565.2,2260.8,SAVE10,0.1,226.08,2034.72,2260.8,971 Main St,Debit Card,Shipped,TRK66906607,9,Google,2024,1,January,5,Friday,0
ORD200083,2023-08-22,C15681,Laptop,4,540.41,2161.64,NO_COUPON,0.0,0.0,2161.64,2161.64,989 Main St,Credit Card,Cancelled,TRK75112172,6,Referral,2023,8,August,22,Tuesday,0
ORD200084,2023-08-28,C64160,Monitor,2,165.49,330.98,WINTER15,0.15,49.65,281.33,330.98,967 Main St,Online,Shipped,TRK34121529,4,Instagram,2023,8,August,28,Monday,0
ORD200085,2024-09-09,C14553,Tablet,3,146.73,440.19,FREESHIP,0.0,0.0,440.19,440.19,768 Main St,Cash,Delivered,TRK93538334,8,Email,2024,9,September,9,Monday,0
ORD200086,2024-06-19,C88205,Printer,5,643.03,3215.15,FREESHIP,0.0,0.0,3215.15,3215.15,447 Main St,Online,Cancelled,TRK93504166,5,Referral,2024,6,June,19,Wednesday,0
ORD200087,2024-10-10,C91245,Tablet,3,225.11,675.33,SAVE10,0.1,67.53,607.8,675.33,915 Main St,Cash,Shipped,TRK46976391,4,Facebook,2024,10,October,10,Thursday,0
ORD200088,2025-06-05,C75439,Desk,3,114.81,344.43,NO_COUPON,0.0,0.0,344.43,344.43,318 Main St,Gift Card,Cancelled,TRK19831653,7,Google,2025,6,June,5,Thursday,0
ORD200089,2025-02-25,C17181,Printer,5,455.33,2276.65,FREESHIP,0.0,0.0,2276.65,2276.65,291 Main St,Credit Card,Cancelled,TRK78912978,8,Google,2025,2,February,25,Tuesday,0
ORD200090,2023-09-18,C36540,Chair,4,182.08,728.32,SAVE10,0.1,72.83,655.49,728.32,611 Main St,Gift Card,Delivered,TRK35828122,4,Email,2023,9,September,18,Monday,0
ORD200091,2023-03-15,C98216,Laptop,5,492.75,2463.75,WINTER15,0.15,369.56,2094.19,2463.75,196 Main St,Cash,Shipped,TRK40986666,6,Referral,2023,3,March,15,Wednesday,0
ORD200092,2024-06-10,C29568,Printer,4,48.61,194.44,FREESHIP,0.0,0.0,194.44,194.44,203 Main St,Online,Shipped,TRK46531075,7,Facebook,2024,6,June,10,Monday,0
ORD200093,2023-01-14,C97262,Desk,4,431.01,1724.04,NO_COUPON,0.0,0.0,1724.04,1724.04,837 Main St,Credit Card,Returned,TRK65990229,7,Referral,2023,1,January,14,Saturday,1
ORD200094,2023-02-11,C79821,Chair,1,531.18,531.18,WINTER15,0.15,79.68,451.5,531.18,781 Main St,Gift Card,Returned,TRK12780193,6,Instagram,2023,2,February,11,Saturday,1
ORD200095,2023-03-24,C76761,Printer,4,117.51,470.04,NO_COUPON,0.0,0.0,470.04,470.04,839 Main St,Debit Card,Returned,TRK60179774,7,Referral,2023,3,March,24,Friday,0
ORD200096,2024-06-01,C93007,Phone,2,232.83,465.66,NO_COUPON,0.0,0.0,465.66,465.66,103 Main St,Gift Card,Delivered,TRK85696091,7,Instagram,2024,6,June,1,Saturday,1
ORD200097,2025-01-21,C15624,Tablet,5,619.52,3097.6,NO_COUPON,0.0,0.0,3097.6,3097.6,922 Main St,Debit Card,Pending,TRK40621141,9,Email,2025,1,January,21,Tuesday,0
ORD200098,2023-01-14,C70921,Printer,2,228.54,457.08,NO_COUPON,0.0,0.0,457.08,457.08,533 Main St,Debit Card,Pending,TRK54983109,3,Email,2023,1,January,14,Saturday,1
ORD200099,2025-04-12,C30477,Printer,1,201.58,201.58,WINTER15,0.15,30.24,171.34,201.58,717 Main St,Debit Card,Cancelled,TRK51829648,2,Email,2025,4,April,12,Saturday,1
ORD200100,2023-02-17,C74866,Phone,3,664.79,1994.37,NO_COUPON,0.0,0.0,1994.37,1994.37,743 Main St,Online,Delivered,TRK53783265,6,Facebook,2023,2,February,17,Friday,0
ORD200101,2023-11-25,C15283,Printer,1,381.02,381.02,NO_COUPON,0.0,0.0,381.02,381.02,152 Main St,Cash,Shipped,TRK19286291,6,Google,2023,11,November,25,Saturday,1
ORD200102,2023-03-08,C18037,Laptop,2,70.34,140.68,FREESHIP,0.0,0.0,140.68,140.68,944 Main St,Gift Card,Cancelled,TRK47362236,3,Email,2023,3,March,8,Wednesday,0
ORD200103,2025-01-25,C62656,Phone,4,218.43,873.72,SAVE10,0.1,87.37,786.35,873.72,514 Main St,Credit Card,Cancelled,TRK86296459,9,Email,2025,1,January,25,Saturday,1
ORD200104,2024-07-30,C65744,Phone,1,582.04,582.04,FREESHIP,0.0,0.0,582.04,582.04,647 Main St,Gift Card,Delivered,TRK39906058,1,Email,2024,7,July,30,Tuesday,0
ORD200105,2024-10-24,C72290,Printer,3,185.4,556.2,NO_COUPON,0.0,0.0,556.2,556.2,810 Main St,Gift Card,Cancelled,TRK68792129,7,Facebook,2024,10,October,24,Thursday,0
ORD200106,2023-09-08,C73514,Desk,3,465.05,1395.15,SAVE10,0.1,139.52,1255.63,1395.15,126 Main St,Credit Card,Cancelled,TRK96777924,3,Email,2023,9,September,8,Friday,0
ORD200107,2023-03-27,C16775,Printer,5,670.75,3353.75,FREESHIP,0.0,0.0,3353.75,3353.75,848 Main St,Gift Card,Shipped,TRK34392124,8,Instagram,2023,3,March,27,Monday,0
ORD200108,2024-12-28,C33099,Laptop,5,48.38,241.9,WINTER15,0.15,36.28,205.62,241.9,522 Main St,Gift Card,Delivered,TRK28522330,9,Email,2024,12,December,28,Saturday,1
ORD200109,2023-09-17,C51157,Desk,3,592.87,1778.61,FREESHIP,0.0,0.0,1778.61,1778.61,131 Main St,Gift Card,Shipped,TRK18674578,3,Referral,2023,9,September,17,Sunday,1
ORD200110,2024-04-21,C74562,Tablet,1,220.77,220.77,FREESHIP,0.0,0.0,220.77,220.77,388 Main St,Gift Card,Pending,TRK32062079,5,Instagram,2024,4,April,21,Sunday,1
ORD200111,2025-05-07,C95271,Desk,3,309.22,927.66,FREESHIP,0.0,0.0,927.66,927.66,620 Main St,Online,Cancelled,TRK74904969,7,Google,2025,5,May,7,Wednesday,0
ORD200112,2023-01-01,C81366,Monitor,1,410.6,410.6,WINTER15,0.15,61.59,349.01,410.6,423 Main St,Online,Cancelled,TRK17062206,2,Referral,2023,1,January,1,Sunday,1
ORD200113,2024-01-17,C65905,Laptop,5,190.08,950.4,FREESHIP,0.0,0.0,950.4,950.4,605 Main St,Cash,Shipped,TRK73954365,9,Instagram,2024,1,January,17,Wednesday,0
ORD200114,2025-01-27,C77272,Monitor,5,498.48,2492.4,SAVE10,0.1,249.24,2243.16,2492.4,115 Main St,Online,Pending,TRK29708128,8,Google,2025,1,January,27,Monday,0
ORD200115,2023-11-27,C32580,Phone,5,374.99,1874.95,SAVE10,0.1,187.5,1687.45,1874.95,122 Main St,Online,Shipped,TRK23670394,9,Facebook,2023,11,November,27,Monday,0
ORD200116,2023-03-19,C47761,Printer,4,291.35,1165.4,WINTER15,0.15,174.81,990.59,1165.4,109 Main St,Credit Card,Cancelled,TRK66669207,6,Facebook,2023,3,March,19,Sunday,1
ORD200117,2023-03-08,C49187,Tablet,1,535.5,535.5,WINTER15,0.15,80.32,455.18,535.5,593 Main St,Gift Card,Cancelled,TRK81888598,5,Referral,2023,3,March,8,Wednesday,0
ORD200118,2023-10-09,C27898,Printer,5,502.71,2513.55,FREESHIP,0.0,0.0,2513.55,2513.55,807 Main St,Gift Card,Shipped,TRK61957665,7,Google,2023,10,October,9,Monday,0
ORD200119,2025-06-11,C14683,Desk,2,534.67,1069.34,FREESHIP,0.0,0.0,1069.34,1069.34,187 Main St,Debit Card,Shipped,TRK47373682,7,Referral,2025,6,June,11,Wednesday,0
ORD200120,2023-04-11,C58108,Tablet,4,629.34,2517.36,WINTER15,0.15,377.6,2139.76,2517.36,986 Main St,Cash,Cancelled,TRK66218053,4,Instagram,2023,4,April,11,Tuesday,0
ORD200121,2023-11-30,C89822,Desk,1,410.78,410.78,FREESHIP,0.0,0.0,410.78,410.78,673 Main St,Cash,Cancelled,TRK24138598,1,Instagram,2023,11,November,30,Thursday,0
ORD200122,2024-04-15,C96787,Laptop,2,533.02,1066.04,NO_COUPON,0.0,0.0,1066.04,1066.04,588 Main St,Gift Card,Shipped,TRK30422853,2,Facebook,2024,4,April,15,Monday,0
ORD200123,2023-07-06,C86064,Desk,3,278.04,834.12,NO_COUPON,0.0,0.0,834.12,834.12,727 Main St,Online,Delivered,TRK62182901,5,Instagram,2023,7,July,6,Thursday,0
ORD200124,2024-07-28,C97148,Printer,4,283.79,1135.16,NO_COUPON,0.0,0.0,1135.16,1135.16,563 Main St,Online,Pending,TRK85321126,8,Google,2024,7,July,28,Sunday,1
ORD200125,2024-11-06,C91099,Phone,2,512.65,1025.3,SAVE10,0.1,102.53,922.77,1025.3,758 Main St,Credit Card,Shipped,TRK81846174,5,Email,2024,11,November,6,Wednesday,0
ORD200126,2025-05-03,C55606,Desk,4,275.5,1102.0,FREESHIP,0.0,0.0,1102.0,1102.0,353 Main St,Gift Card,Shipped,TRK68250319,8,Google,2025,5,May,3,Saturday,1
ORD200127,2023-08-10,C71486,Desk,3,469.32,1407.96,NO_COUPON,0.0,0.0,1407.96,1407.96,365 Main St,Debit Card,Shipped,TRK73929833,3,Google,2023,8,August,10,Thursday,0
ORD200128,2023-02-17,C86408,Tablet,4,21.07,84.28,FREESHIP,0.0,0.0,84.28,84.28,244 Main St,Gift Card,Delivered,TRK41432648,4,Google,2023,2,February,17,Friday,0
ORD200129,2023-10-27,C52751,Laptop,4,263.93,1055.72,FREESHIP,0.0,0.0,1055.72,1055.72,427 Main St,Debit Card,Shipped,TRK72481234,4,Facebook,2023,10,October,27,Friday,0
ORD200130,2025-01-22,C29059,Desk,3,501.3,1503.9,WINTER15,0.15,225.58,1278.32,1503.9,513 Main St,Online,Cancelled,TRK88360704,3,Facebook,2025,1,January,22,Wednesday,0
ORD200131,2023-01-08,C72862,Tablet,1,84.8,84.8,NO_COUPON,0.0,0.0,84.8,84.8,606 Main St,Gift Card,Pending,TRK51648833,5,Instagram,2023,1,January,8,Sunday,1
ORD200132,2023-03-28,C96257,Tablet,4,450.75,1803.0,WINTER15,0.15,270.45,1532.55,1803.0,583 Main St,Credit Card,Shipped,TRK13137948,6,Email,2023,3,March,28,Tuesday,0
ORD200133,2025-06-20,C87432,Chair,4,302.05,1208.2,SAVE10,0.1,120.82,1087.38,1208.2,636 Main St,Debit Card,Cancelled,TRK68969625,6,Google,2025,6,June,20,Friday,0
ORD200134,2025-06-23,C16253,Laptop,2,199.7,399.4,NO_COUPON,0.0,0.0,399.4,399.4,583 Main St,Cash,Pending,TRK17354894,4,Email,2025,6,June,23,Monday,0
ORD200135,2023-08-04,C79909,Printer,2,68.81,137.62,SAVE10,0.1,13.76,123.86,137.62,642 Main St,Gift Card,Shipped,TRK86742257,5,Referral,2023,8,August,4,Friday,0
ORD200136,2024-04-27,C73370,Laptop,1,44.35,44.35,SAVE10,0.1,4.44,39.91,44.35,595 Main St,Gift Card,Cancelled,TRK67820278,1,Instagram,2024,4,April,27,Saturday,1
ORD200137,2024-11-26,C50682,Monitor,2,250.98,501.96,NO_COUPON,0.0,0.0,501.96,501.96,598 Main St,Credit Card,Delivered,TRK12242337,5,Google,2024,11,November,26,Tuesday,0
ORD200138,2023-12-21,C21905,Tablet,1,298.06,298.06,WINTER15,0.15,44.71,253.35,298.06,478 Main St,Debit Card,Pending,TRK31863841,3,Google,2023,12,December,21,Thursday,0
ORD200139,2023-04-10,C61440,Phone,1,583.9,583.9,NO_COUPON,0.0,0.0,583.9,583.9,714 Main St,Cash,Returned,TRK33114521,1,Email,2023,4,April,10,Monday,0
ORD200140,2025-05-31,C33110,Chair,3,528.14,1584.42,FREESHIP,0.0,0.0,1584.42,1584.42,388 Main St,Online,Delivered,TRK38624225,3,Email,2025,5,May,31,Saturday,1
ORD200141,2023-11-18,C80004,Printer,3,684.14,2052.42,WINTER15,0.15,307.86,1744.56,2052.42,151 Main St,Cash,Cancelled,TRK66230753,3,Instagram,2023,11,November,18,Saturday,1
ORD200142,2023-09-06,C86374,Desk,5,272.77,1363.85,WINTER15,0.15,204.58,1159.27,1363.85,573 Main St,Cash,Pending,TRK79451491,7,Email,2023,9,September,6,Wednesday,0
ORD200143,2024-06-13,C66521,Chair,4,400.07,1600.28,NO_COUPON,0.0,0.0,1600.28,1600.28,933 Main St,Online,Shipped,TRK34654244,5,Referral,2024,6,June,13,Thursday,0
ORD200144,2023-08-04,C63365,Desk,5,219.78,1098.9,NO_COUPON,0.0,0.0,1098.9,1098.9,895 Main St,Credit Card,Pending,TRK80100887,8,Facebook,2023,8,August,4,Friday,0
ORD200145,2024-03-02,C85929,Printer,3,146.91,440.73,FREESHIP,0.0,0.0,440.73,440.73,798 Main St,Credit Card,Delivered,TRK29318610,6,Google,2024,3,March,2,Saturday,1
ORD200146,2025-04-30,C84645,Tablet,2,411.49,822.98,NO_COUPON,0.0,0.0,822.98,822.98,404 Main St,Credit Card,Returned,TRK68893369,4,Instagram,2025,4,April,30,Wednesday,0
ORD200147,2025-05-06,C46316,Laptop,2,465.18,930.36,SAVE10,0.1,93.04,837.32,930.36,893 Main St,Credit Card,Cancelled,TRK16196000,2,Google,2025,5,May,6,Tuesday,0
ORD200148,2024-12-15,C35100,Phone,2,319.91,639.82,WINTER15,0.15,95.97,543.85,639.82,139 Main St,Credit Card,Cancelled,TRK56853491,3,Google,2024,12,December,15,Sunday,1
ORD200149,2023-12-27,C39671,Laptop,1,217.56,217.56,NO_COUPON,0.0,0.0,217.56,217.56,174 Main St,Debit Card,Delivered,TRK47153818,3,Facebook,2023,12,December,27,Wednesday,0
ORD200150,2023-12-13,C25503,Phone,2,105.57,211.14,WINTER15,0.15,31.67,179.47,211.14,981 Main St,Debit Card,Returned,TRK29878837,5,Google,2023,12,December,13,Wednesday,0
ORD200151,2023-12-01,C32960,Printer,5,444.76,2223.8,NO_COUPON,0.0,0.0,2223.8,2223.8,947 Main St,Debit Card,Returned,TRK91226500,7,Email,2023,12,December,1,Friday,0
ORD200152,2025-01-02,C77736,Chair,2,399.04,798.08,FREESHIP,0.0,0.0,798.08,798.08,659 Main St,Cash,Cancelled,TRK90329250,3,Referral,2025,1,January,2,Thursday,0
ORD200153,2024-12-18,C71570,Chair,4,534.48,2137.92,WINTER15,0.15,320.69,1817.23,2137.92,437 Main St,Online,Returned,TRK95992269,9,Instagram,2024,12,December,18,Wednesday,0
ORD200154,2023-07-20,C73587,Phone,4,408.21,1632.84,NO_COUPON,0.0,0.0,1632.84,1632.84,727 Main St,Credit Card,Pending,TRK13955543,9,Instagram,2023,7,July,20,Thursday,0
ORD200155,2023-02-27,C62740,Phone,1,424.4,424.4,WINTER15,0.15,63.66,360.74,424.4,446 Main St,Online,Shipped,TRK20706408,6,Referral,2023,2,February,27,Monday,0
ORD200156,2024-11-08,C58808,Chair,2,269.83,539.66,SAVE10,0.1,53.97,485.69,539.66,651 Main St,Online,Delivered,TRK24451893,4,Email,2024,11,November,8,Friday,0
ORD200157,2025-02-21,C50422,Monitor,2,564.58,1129.16,WINTER15,0.15,169.37,959.79,1129.16,636 Main St,Online,Returned,TRK71227815,4,Facebook,2025,2,February,21,Friday,0
ORD200158,2024-05-16,C23334,Tablet,1,331.06,331.06,WINTER15,0.15,49.66,281.4,331.06,737 Main St,Credit Card,Pending,TRK46335144,5,Instagram,2024,5,May,16,Thursday,0
ORD200159,2023-10-31,C48965,Printer,1,299.35,299.35,WINTER15,0.15,44.9,254.45,299.35,819 Main St,Credit Card,Cancelled,TRK50921780,5,Email,2023,10,October,31,Tuesday,0
ORD200160,2023-02-17,C38669,Monitor,4,101.32,405.28,NO_COUPON,0.0,0.0,405.28,405.28,240 Main St,Cash,Pending,TRK81738254,7,Referral,2023,2,February,17,Friday,0
ORD200161,2024-03-29,C35091,Monitor,1,211.14,211.14,SAVE10,0.1,21.11,190.03,211.14,513 Main St,Credit Card,Cancelled,TRK53784452,1,Facebook,2024,3,March,29,Friday,0
ORD200162,2023-07-27,C82313,Chair,3,65.86,197.58,WINTER15,0.15,29.64,167.94,197.58,917 Main St,Online,Pending,TRK79854624,8,Google,2023,7,July,27,Thursday,0
ORD200163,2025-06-24,C99589,Tablet,1,641.39,641.39,NO_COUPON,0.0,0.0,641.39,641.39,277 Main St,Online,Cancelled,TRK16695001,1,Referral,2025,6,June,24,Tuesday,0
ORD200164,2023-12-28,C70566,Desk,5,536.58,2682.9,SAVE10,0.1,268.29,2414.61,2682.9,667 Main St,Gift Card,Pending,TRK49673411,5,Google,2023,12,December,28,Thursday,0
ORD200165,2024-09-14,C60355,Monitor,2,500.29,1000.58,WINTER15,0.15,150.09,850.49,1000.58,226 Main St,Online,Returned,TRK30155194,7,Google,2024,9,September,14,Saturday,1
ORD200166,2025-03-04,C28889,Chair,3,86.29,258.87,WINTER15,0.15,38.83,220.04,258.87,565 Main St,Cash,Delivered,TRK23791726,6,Instagram,2025,3,March,4,Tuesday,0
ORD200167,2023-05-27,C88304,Chair,2,384.14,768.28,WINTER15,0.15,115.24,653.04,768.28,219 Main St,Online,Returned,TRK44268941,2,Email,2023,5,May,27,Saturday,1
ORD200168,2025-01-04,C49517,Printer,1,594.96,594.96,NO_COUPON,0.0,0.0,594.96,594.96,878 Main St,Cash,Returned,TRK78551375,6,Facebook,2025,1,January,4,Saturday,1
ORD200169,2024-04-07,C35785,Printer,1,427.82,427.82,WINTER15,0.15,64.17,363.65,427.82,732 Main St,Online,Delivered,TRK78923089,2,Email,2024,4,April,7,Sunday,1
ORD200170,2025-04-04,C80223,Desk,4,662.94,2651.76,SAVE10,0.1,265.18,2386.58,2651.76,535 Main St,Cash,Cancelled,TRK68632951,8,Instagram,2025,4,April,4,Friday,0
ORD200171,2023-08-15,C20448,Tablet,2,148.22,296.44,WINTER15,0.15,44.47,251.97,296.44,336 Main St,Credit Card,Delivered,TRK67379895,7,Instagram,2023,8,August,15,Tuesday,0
ORD200172,2025-04-06,C34134,Printer,1,254.12,254.12,WINTER15,0.15,38.12,216.0,254.12,365 Main St,Online,Delivered,TRK43074303,1,Email,2025,4,April,6,Sunday,1
ORD200173,2024-03-24,C95901,Phone,3,664.46,1993.38,FREESHIP,0.0,0.0,1993.38,1993.38,806 Main St,Online,Delivered,TRK56989066,4,Google,2024,3,March,24,Sunday,1
ORD200174,2024-04-16,C51145,Printer,4,600.81,2403.24,SAVE10,0.1,240.32,2162.92,2403.24,790 Main St,Debit Card,Delivered,TRK59154274,9,Email,2024,4,April,16,Tuesday,0
ORD200175,2025-02-08,C78170,Chair,5,68.34,341.7,WINTER15,0.15,51.26,290.44,341.7,332 Main St,Debit Card,Pending,TRK71410605,6,Referral,2025,2,February,8,Saturday,1
ORD200176,2025-06-28,C80151,Tablet,4,430.83,1723.32,WINTER15,0.15,258.5,1464.82,1723.32,553 Main St,Gift Card,Pending,TRK88251529,8,Referral,2025,6,June,28,Saturday,1
ORD200177,2023-08-05,C55632,Chair,5,431.69,2158.45,NO_COUPON,0.0,0.0,2158.45,2158.45,354 Main St,Credit Card,Pending,TRK13003066,10,Facebook,2023,8,August,5,Saturday,1
ORD200178,2024-04-11,C53070,Chair,4,512.06,2048.24,SAVE10,0.1,204.82,1843.42,2048.24,283 Main St,Online,Delivered,TRK49791755,5,Google,2024,4,April,11,Thursday,0
ORD200179,2024-11-24,C27401,Laptop,3,539.91,1619.73,NO_COUPON,0.0,0.0,1619.73,1619.73,500 Main St,Credit Card,Delivered,TRK14332053,8,Email,2024,11,November,24,Sunday,1
ORD200180,2023-03-18,C87216,Tablet,5,316.07,1580.35,NO_COUPON,0.0,0.0,1580.35,1580.35,970 Main St,Cash,Returned,TRK18713727,10,Google,2023,3,March,18,Saturday,1
ORD200181,2024-08-31,C38966,Printer,5,404.39,2021.95,NO_COUPON,0.0,0.0,2021.95,2021.95,247 Main St,Online,Shipped,TRK17205146,10,Referral,2024,8,August,31,Saturday,1
ORD200182,2025-03-19,C16612,Desk,1,600.54,600.54,WINTER15,0.15,90.08,510.46,600.54,596 Main St,Debit Card,Pending,TRK96188223,4,Google,2025,3,March,19,Wednesday,0
ORD200183,2024-04-18,C39246,Monitor,5,186.28,931.4,SAVE10,0.1,93.14,838.26,931.4,258 Main St,Debit Card,Delivered,TRK16658182,8,Email,2024,4,April,18,Thursday,0
ORD200184,2024-04-04,C65180,Tablet,4,214.54,858.16,NO_COUPON,0.0,0.0,858.16,858.16,231 Main St,Gift Card,Cancelled,TRK39255469,7,Referral,2024,4,April,4,Thursday,0
ORD200185,2025-02-02,C46877,Laptop,1,210.7,210.7,WINTER15,0.15,31.6,179.1,210.7,572 Main St,Online,Shipped,TRK96935978,2,Referral,2025,2,February,2,Sunday,1
ORD200186,2023-12-07,C30334,Phone,2,133.55,267.1,FREESHIP,0.0,0.0,267.1,267.1,322 Main St,Cash,Pending,TRK66388885,7,Facebook,2023,12,December,7,Thursday,0
ORD200187,2023-02-08,C21227,Chair,1,590.87,590.87,FREESHIP,0.0,0.0,590.87,590.87,689 Main St,Gift Card,Returned,TRK79129657,6,Referral,2023,2,February,8,Wednesday,0
ORD200188,2025-03-15,C97715,Chair,2,363.91,727.82,FREESHIP,0.0,0.0,727.82,727.82,927 Main St,Gift Card,Shipped,TRK19515949,2,Referral,2025,3,March,15,Saturday,1
ORD200189,2023-07-05,C48939,Printer,5,429.45,2147.25,WINTER15,0.15,322.09,1825.16,2147.25,597 Main St,Gift Card,Cancelled,TRK62786764,5,Email,2023,7,July,5,Wednesday,0
ORD200190,2024-08-31,C35483,Printer,3,223.7,671.1,SAVE10,0.1,67.11,603.99,671.1,725 Main St,Cash,Returned,TRK79638203,3,Email,2024,8,August,31,Saturday,1
ORD200191,2025-03-08,C51494,Laptop,2,488.87,977.74,FREESHIP,0.0,0.0,977.74,977.74,505 Main St,Online,Cancelled,TRK58520306,4,Google,2025,3,March,8,Saturday,1
ORD200192,2023-08-11,C58410,Desk,1,645.46,645.46,SAVE10,0.1,64.55,580.91,645.46,151 Main St,Gift Card,Cancelled,TRK19749672,5,Google,2023,8,August,11,Friday,0
ORD200193,2023-07-21,C11644,Printer,1,46.66,46.66,NO_COUPON,0.0,0.0,46.66,46.66,429 Main St,Cash,Cancelled,TRK81320339,6,Google,2023,7,July,21,Friday,0
ORD200194,2024-06-08,C53501,Monitor,1,249.57,249.57,FREESHIP,0.0,0.0,249.57,249.57,899 Main St,Cash,Shipped,TRK90144892,3,Google,2024,6,June,8,Saturday,1
ORD200195,2024-04-22,C63619,Chair,3,619.21,1857.63,NO_COUPON,0.0,0.0,1857.63,1857.63,801 Main St,Debit Card,Cancelled,TRK65385674,6,Email,2024,4,April,22,Monday,0
ORD200196,2025-01-24,C40882,Desk,4,217.13,868.52,WINTER15,0.15,130.28,738.24,868.52,719 Main St,Cash,Delivered,TRK64165503,8,Email,2025,1,January,24,Friday,0
ORD200197,2023-08-27,C80135,Laptop,5,221.51,1107.55,WINTER15,0.15,166.13,941.42,1107.55,723 Main St,Cash,Returned,TRK95222269,5,Referral,2023,8,August,27,Sunday,1
ORD200198,2024-06-11,C37594,Laptop,4,340.3,1361.2,SAVE10,0.1,136.12,1225.08,1361.2,926 Main St,Cash,Cancelled,TRK94405162,8,Referral,2024,6,June,11,Tuesday,0
ORD200199,2025-01-23,C87524,Phone,1,625.0,625.0,WINTER15,0.15,93.75,531.25,625.0,358 Main St,Online,Returned,TRK21114341,5,Google,2025,1,January,23,Thursday,0
ORD200200,2025-06-07,C97681,Tablet,5,433.26,2166.3,SAVE10,0.1,216.63,1949.67,2166.3,895 Main St,Credit Card,Delivered,TRK37531040,9,Google,2025,6,June,7,Saturday,1
ORD200201,2023-06-18,C10126,Monitor,2,674.9,1349.8,SAVE10,0.1,134.98,1214.82,1349.8,146 Main St,Online,Shipped,TRK75607531,4,Facebook,2023,6,June,18,Sunday,1
ORD200202,2025-02-06,C36938,Monitor,3,253.98,761.94,FREESHIP,0.0,0.0,761.94,761.94,636 Main St,Credit Card,Cancelled,TRK52522904,3,Email,2025,2,February,6,Thursday,0
ORD200203,2025-01-21,C99173,Printer,3,356.84,1070.52,SAVE10,0.1,107.05,963.47,1070.52,172 Main St,Online,Shipped,TRK89849342,5,Instagram,2025,1,January,21,Tuesday,0
ORD200204,2023-09-05,C99775,Laptop,4,413.71,1654.84,FREESHIP,0.0,0.0,1654.84,1654.84,478 Main St,Gift Card,Cancelled,TRK21638425,9,Facebook,2023,9,September,5,Tuesday,0
ORD200205,2023-03-04,C19266,Desk,3,147.39,442.17,NO_COUPON,0.0,0.0,442.17,442.17,609 Main St,Debit Card,Returned,TRK58357269,3,Email,2023,3,March,4,Saturday,1
ORD200206,2024-04-16,C31072,Laptop,4,229.1,916.4,WINTER15,0.15,137.46,778.94,916.4,729 Main St,Gift Card,Returned,TRK77172975,8,Email,2024,4,April,16,Tuesday,0
ORD200207,2025-03-18,C54595,Phone,1,121.96,121.96,NO_COUPON,0.0,0.0,121.96,121.96,999 Main St,Debit Card,Delivered,TRK44416659,3,Google,2025,3,March,18,Tuesday,0
ORD200208,2024-10-08,C87777,Desk,2,408.32,816.64,FREESHIP,0.0,0.0,816.64,816.64,597 Main St,Online,Shipped,TRK29003608,3,Facebook,2024,10,October,8,Tuesday,0
ORD200209,2023-08-29,C35854,Tablet,5,187.97,939.85,SAVE10,0.1,93.99,845.86,939.85,706 Main St,Cash,Returned,TRK30615168,9,Google,2023,8,August,29,Tuesday,0
ORD200210,2024-12-05,C93821,Chair,3,358.48,1075.44,FREESHIP,0.0,0.0,1075.44,1075.44,513 Main St,Gift Card,Delivered,TRK10658539,7,Facebook,2024,12,December,5,Thursday,0
ORD200211,2025-01-03,C54390,Printer,3,193.58,580.74,FREESHIP,0.0,0.0,580.74,580.74,185 Main St,Gift Card,Pending,TRK83853742,7,Email,2025,1,January,3,Friday,0
ORD200212,2023-06-20,C53215,Monitor,1,265.38,265.38,WINTER15,0.15,39.81,225.57,265.38,367 Main St,Credit Card,Cancelled,TRK34751835,6,Email,2023,6,June,20,Tuesday,0
ORD200213,2023-04-20,C71122,Laptop,1,634.4,634.4,SAVE10,0.1,63.44,570.96,634.4,317 Main St,Cash,Cancelled,TRK54757882,6,Email,2023,4,April,20,Thursday,0
ORD200214,2024-08-21,C29483,Desk,4,305.72,1222.88,NO_COUPON,0.0,0.0,1222.88,1222.88,673 Main St,Online,Delivered,TRK89423603,5,Facebook,2024,8,August,21,Wednesday,0
ORD200215,2023-08-10,C26767,Printer,1,303.6,303.6,FREESHIP,0.0,0.0,303.6,303.6,432 Main St,Cash,Shipped,TRK24585307,5,Facebook,2023,8,August,10,Thursday,0
ORD200216,2025-04-15,C70492,Monitor,4,496.0,1984.0,WINTER15,0.15,297.6,1686.4,1984.0,811 Main St,Online,Cancelled,TRK84625405,8,Google,2025,4,April,15,Tuesday,0
ORD200217,2024-05-20,C61549,Desk,4,321.51,1286.04,NO_COUPON,0.0,0.0,1286.04,1286.04,908 Main St,Cash,Returned,TRK65596914,9,Google,2024,5,May,20,Monday,0
ORD200218,2023-04-28,C11665,Tablet,3,112.46,337.38,SAVE10,0.1,33.74,303.64,337.38,882 Main St,Gift Card,Shipped,TRK10993930,6,Instagram,2023,4,April,28,Friday,0
ORD200219,2025-05-02,C48946,Laptop,5,61.97,309.85,SAVE10,0.1,30.99,278.86,309.85,457 Main St,Cash,Delivered,TRK99387220,6,Email,2025,5,May,2,Friday,0
ORD200220,2023-07-18,C79506,Laptop,2,373.17,746.34,SAVE10,0.1,74.63,671.71,746.34,497 Main St,Credit Card,Pending,TRK95188748,6,Referral,2023,7,July,18,Tuesday,0
ORD200221,2024-02-23,C93473,Tablet,5,639.37,3196.85,SAVE10,0.1,319.68,2877.17,3196.85,552 Main St,Debit Card,Pending,TRK50003989,6,Google,2024,2,February,23,Friday,0
ORD200222,2023-05-04,C43124,Chair,4,693.36,2773.44,NO_COUPON,0.0,0.0,2773.44,2773.44,931 Main St,Online,Shipped,TRK17293348,8,Instagram,2023,5,May,4,Thursday,0
ORD200223,2024-09-11,C22783,Phone,4,692.91,2771.64,SAVE10,0.1,277.16,2494.48,2771.64,673 Main St,Credit Card,Pending,TRK55009149,9,Instagram,2024,9,September,11,Wednesday,0
ORD200224,2023-09-23,C18567,Printer,4,91.46,365.84,SAVE10,0.1,36.58,329.26,365.84,507 Main St,Cash,Cancelled,TRK17554673,9,Referral,2023,9,September,23,Saturday,1
ORD200225,2024-03-13,C99879,Phone,3,273.96,821.88,SAVE10,0.1,82.19,739.69,821.88,692 Main St,Debit Card,Returned,TRK50246700,8,Google,2024,3,March,13,Wednesday,0
ORD200226,2025-06-27,C31501,Desk,3,588.05,1764.15,NO_COUPON,0.0,0.0,1764.15,1764.15,242 Main St,Gift Card,Delivered,TRK93063929,8,Instagram,2025,6,June,27,Friday,0
ORD200227,2023-11-02,C93220,Monitor,2,365.17,730.34,FREESHIP,0.0,0.0,730.34,730.34,353 Main St,Online,Cancelled,TRK89023251,4,Facebook,2023,11,November,2,Thursday,0
ORD200228,2023-05-17,C57867,Chair,4,385.92,1543.68,NO_COUPON,0.0,0.0,1543.68,1543.68,579 Main St,Credit Card,Cancelled,TRK92055007,8,Instagram,2023,5,May,17,Wednesday,0
ORD200229,2025-03-28,C62622,Tablet,1,562.61,562.61,WINTER15,0.15,84.39,478.22,562.61,762 Main St,Credit Card,Delivered,TRK70997648,3,Facebook,2025,3,March,28,Friday,0
ORD200230,2023-12-16,C94595,Desk,4,61.91,247.64,WINTER15,0.15,37.15,210.49,247.64,948 Main St,Gift Card,Delivered,TRK24497305,6,Email,2023,12,December,16,Saturday,1
ORD200231,2023-11-05,C30955,Phone,4,41.9,167.6,FREESHIP,0.0,0.0,167.6,167.6,327 Main St,Gift Card,Pending,TRK46898848,9,Instagram,2023,11,November,5,Sunday,1
ORD200232,2023-05-19,C20731,Printer,4,444.44,1777.76,WINTER15,0.15,266.66,1511.1,1777.76,610 Main St,Debit Card,Cancelled,TRK75568437,8,Google,2023,5,May,19,Friday,0
ORD200233,2024-08-24,C30168,Phone,3,311.33,933.99,WINTER15,0.15,140.1,793.89,933.99,146 Main St,Cash,Cancelled,TRK73699939,3,Instagram,2024,8,August,24,Saturday,1
ORD200234,2024-11-26,C79842,Printer,4,236.41,945.64,SAVE10,0.1,94.56,851.08,945.64,337 Main St,Debit Card,Pending,TRK26957950,7,Google,2024,11,November,26,Tuesday,0
ORD200235,2023-02-20,C32854,Desk,1,65.45,65.45,WINTER15,0.15,9.82,55.63,65.45,815 Main St,Cash,Pending,TRK30009218,2,Google,2023,2,February,20,Monday,0
ORD200236,2023-01-01,C14847,Monitor,1,318.81,318.81,WINTER15,0.15,47.82,270.99,318.81,562 Main St,Debit Card,Pending,TRK39663243,3,Email,2023,1,January,1,Sunday,1
ORD200237,2024-03-14,C88645,Monitor,3,583.72,1751.16,FREESHIP,0.0,0.0,1751.16,1751.16,783 Main St,Credit Card,Shipped,TRK74097570,5,Facebook,2024,3,March,14,Thursday,0
ORD200238,2024-12-13,C66149,Desk,4,384.32,1537.28,WINTER15,0.15,230.59,1306.69,1537.28,770 Main St,Credit Card,Pending,TRK76307307,6,Google,2024,12,December,13,Friday,0
ORD200239,2024-12-11,C20256,Tablet,3,538.74,1616.22,FREESHIP,0.0,0.0,1616.22,1616.22,456 Main St,Online,Shipped,TRK71127943,6,Email,2024,12,December,11,Wednesday,0
ORD200240,2023-07-12,C14983,Tablet,1,17.24,17.24,FREESHIP,0.0,0.0,17.24,17.24,255 Main St,Online,Pending,TRK93444157,2,Instagram,2023,7,July,12,Wednesday,0
ORD200241,2023-05-16,C20817,Chair,5,615.67,3078.35,SAVE10,0.1,307.84,2770.51,3078.35,407 Main St,Online,Pending,TRK44164590,6,Email,2023,5,May,16,Tuesday,0
ORD200242,2023-05-09,C94921,Printer,2,219.1,438.2,SAVE10,0.1,43.82,394.38,438.2,134 Main St,Online,Pending,TRK97794327,4,Referral,2023,5,May,9,Tuesday,0
ORD200243,2025-05-09,C54725,Chair,2,144.66,289.32,FREESHIP,0.0,0.0,289.32,289.32,506 Main St,Online,Cancelled,TRK30601940,7,Google,2025,5,May,9,Friday,0
ORD200244,2023-02-16,C98096,Desk,2,317.77,635.54,WINTER15,0.15,95.33,540.21,635.54,838 Main St,Debit Card,Cancelled,TRK51518631,4,Facebook,2023,2,February,16,Thursday,0
ORD200245,2025-04-20,C12667,Laptop,1,223.3,223.3,NO_COUPON,0.0,0.0,223.3,223.3,306 Main St,Online,Returned,TRK25390491,1,Facebook,2025,4,April,20,Sunday,1
ORD200246,2024-08-30,C55354,Desk,2,342.11,684.22,WINTER15,0.15,102.63,581.59,684.22,164 Main St,Gift Card,Shipped,TRK15439493,2,Instagram,2024,8,August,30,Friday,0
ORD200247,2023-07-20,C14600,Printer,2,220.9,441.8,NO_COUPON,0.0,0.0,441.8,441.8,785 Main St,Gift Card,Shipped,TRK84984764,4,Email,2023,7,July,20,Thursday,0
ORD200248,2023-07-02,C97187,Laptop,1,670.54,670.54,FREESHIP,0.0,0.0,670.54,670.54,471 Main St,Cash,Shipped,TRK62283713,6,Referral,2023,7,July,2,Sunday,1
ORD200249,2024-02-07,C39106,Printer,1,546.19,546.19,FREESHIP,0.0,0.0,546.19,546.19,245 Main St,Cash,Pending,TRK35464433,5,Referral,2024,2,February,7,Wednesday,0
ORD200250,2023-04-05,C93379,Desk,3,42.95,128.85,SAVE10,0.1,12.88,115.97,128.85,318 Main St,Gift Card,Returned,TRK67954150,8,Email,2023,4,April,5,Wednesday,0
ORD200251,2025-05-15,C93175,Monitor,4,14.69,58.76,NO_COUPON,0.0,0.0,58.76,58.76,814 Main St,Cash,Cancelled,TRK32995144,9,Email,2025,5,May,15,Thursday,0
ORD200252,2024-09-20,C19648,Phone,4,668.36,2673.44,FREESHIP,0.0,0.0,2673.44,2673.44,821 Main St,Gift Card,Cancelled,TRK51297879,5,Facebook,2024,9,September,20,Friday,0
ORD200253,2024-03-23,C14891,Chair,4,413.74,1654.96,FREESHIP,0.0,0.0,1654.96,1654.96,743 Main St,Gift Card,Returned,TRK79471534,7,Instagram,2024,3,March,23,Saturday,1
ORD200254,2023-12-26,C10866,Monitor,3,263.19,789.57,NO_COUPON,0.0,0.0,789.57,789.57,770 Main St,Online,Delivered,TRK34809583,5,Instagram,2023,12,December,26,Tuesday,0
ORD200255,2024-05-13,C47283,Monitor,1,263.96,263.96,SAVE10,0.1,26.4,237.56,263.96,806 Main St,Gift Card,Returned,TRK56235117,2,Google,2024,5,May,13,Monday,0
ORD200256,2025-06-30,C94323,Chair,5,75.81,379.05,WINTER15,0.15,56.86,322.19,379.05,463 Main St,Gift Card,Returned,TRK22663277,10,Instagram,2025,6,June,30,Monday,0
ORD200257,2024-04-23,C89732,Phone,1,406.22,406.22,SAVE10,0.1,40.62,365.6,406.22,712 Main St,Credit Card,Cancelled,TRK41059233,5,Referral,2024,4,April,23,Tuesday,0
ORD200258,2024-02-26,C87764,Tablet,2,103.41,206.82,FREESHIP,0.0,0.0,206.82,206.82,294 Main St,Online,Shipped,TRK94082469,2,Referral,2024,2,February,26,Monday,0
ORD200259,2023-06-11,C20977,Chair,4,435.12,1740.48,SAVE10,0.1,174.05,1566.43,1740.48,636 Main St,Credit Card,Delivered,TRK54991561,9,Instagram,2023,6,June,11,Sunday,1
ORD200260,2023-05-17,C12245,Monitor,2,407.79,815.58,NO_COUPON,0.0,0.0,815.58,815.58,153 Main St,Debit Card,Shipped,TRK22000463,3,Google,2023,5,May,17,Wednesday,0
ORD200261,2025-05-28,C68976,Phone,5,173.65,868.25,SAVE10,0.1,86.82,781.43,868.25,460 Main St,Gift Card,Delivered,TRK25491356,9,Email,2025,5,May,28,Wednesday,0
ORD200262,2023-01-10,C69476,Phone,4,249.07,996.28,WINTER15,0.15,149.44,846.84,996.28,642 Main St,Credit Card,Returned,TRK65869386,5,Referral,2023,1,January,10,Tuesday,0
ORD200263,2023-03-25,C71040,Phone,4,434.85,1739.4,WINTER15,0.15,260.91,1478.49,1739.4,250 Main St,Credit Card,Pending,TRK41397604,4,Google,2023,3,March,25,Saturday,1
ORD200264,2024-08-03,C71035,Tablet,1,436.77,436.77,FREESHIP,0.0,0.0,436.77,436.77,977 Main St,Cash,Returned,TRK19599578,5,Google,2024,8,August,3,Saturday,1
ORD200265,2023-12-22,C20752,Printer,1,572.13,572.13,SAVE10,0.1,57.21,514.92,572.13,150 Main St,Debit Card,Cancelled,TRK22298450,4,Google,2023,12,December,22,Friday,0
ORD200266,2024-06-08,C38840,Chair,4,583.07,2332.28,FREESHIP,0.0,0.0,2332.28,2332.28,589 Main St,Credit Card,Cancelled,TRK48484633,6,Referral,2024,6,June,8,Saturday,1
ORD200267,2025-04-17,C84480,Chair,5,468.51,2342.55,NO_COUPON,0.0,0.0,2342.55,2342.55,803 Main St,Debit Card,Delivered,TRK62361867,9,Facebook,2025,4,April,17,Thursday,0
ORD200268,2023-08-11,C37032,Phone,2,423.88,847.76,SAVE10,0.1,84.78,762.98,847.76,655 Main St,Debit Card,Delivered,TRK48639226,7,Referral,2023,8,August,11,Friday,0
ORD200269,2023-11-25,C48942,Tablet,4,663.67,2654.68,FREESHIP,0.0,0.0,2654.68,2654.68,129 Main St,Credit Card,Pending,TRK29355120,7,Google,2023,11,November,25,Saturday,1
ORD200270,2023-06-04,C13540,Printer,4,309.91,1239.64,WINTER15,0.15,185.95,1053.69,1239.64,127 Main St,Debit Card,Shipped,TRK81087373,5,Google,2023,6,June,4,Sunday,1
ORD200271,2023-03-28,C59572,Monitor,1,542.07,542.07,WINTER15,0.15,81.31,460.76,542.07,791 Main St,Cash,Shipped,TRK16792991,6,Referral,2023,3,March,28,Tuesday,0
ORD200272,2023-09-19,C29758,Chair,2,399.32,798.64,WINTER15,0.15,119.8,678.84,798.64,119 Main St,Online,Pending,TRK12990043,6,Instagram,2023,9,September,19,Tuesday,0
ORD200273,2024-10-27,C11849,Tablet,2,238.25,476.5,FREESHIP,0.0,0.0,476.5,476.5,974 Main St,Online,Cancelled,TRK91195261,7,Email,2024,10,October,27,Sunday,1
ORD200274,2023-02-04,C50967,Phone,2,182.4,364.8,SAVE10,0.1,36.48,328.32,364.8,884 Main St,Gift Card,Cancelled,TRK65300814,5,Referral,2023,2,February,4,Saturday,1
ORD200275,2023-11-04,C80735,Chair,2,65.07,130.14,SAVE10,0.1,13.01,117.13,130.14,360 Main St,Credit Card,Cancelled,TRK99880231,4,Google,2023,11,November,4,Saturday,1
ORD200276,2025-03-29,C99050,Printer,2,600.57,1201.14,WINTER15,0.15,180.17,1020.97,1201.14,654 Main St,Debit Card,Returned,TRK56927089,3,Instagram,2025,3,March,29,Saturday,1
ORD200277,2024-09-09,C11210,Chair,5,90.92,454.6,SAVE10,0.1,45.46,409.14,454.6,910 Main St,Credit Card,Delivered,TRK44929965,9,Facebook,2024,9,September,9,Monday,0
ORD200278,2024-11-18,C46015,Laptop,5,362.46,1812.3,FREESHIP,0.0,0.0,1812.3,1812.3,299 Main St,Cash,Delivered,TRK46598430,6,Instagram,2024,11,November,18,Monday,0
ORD200279,2023-10-20,C69167,Chair,3,55.01,165.03,WINTER15,0.15,24.75,140.28,165.03,263 Main St,Online,Pending,TRK12425655,7,Email,2023,10,October,20,Friday,0
ORD200280,2023-03-27,C55388,Tablet,3,404.62,1213.86,FREESHIP,0.0,0.0,1213.86,1213.86,740 Main St,Gift Card,Delivered,TRK75741001,6,Instagram,2023,3,March,27,Monday,0
ORD200281,2023-07-27,C87181,Desk,4,654.79,2619.16,NO_COUPON,0.0,0.0,2619.16,2619.16,195 Main St,Cash,Pending,TRK60093390,9,Referral,2023,7,July,27,Thursday,0
ORD200282,2025-04-22,C30411,Printer,4,637.79,2551.16,FREESHIP,0.0,0.0,2551.16,2551.16,375 Main St,Gift Card,Cancelled,TRK71810536,9,Google,2025,4,April,22,Tuesday,0
ORD200283,2025-02-28,C39638,Laptop,4,540.33,2161.32,NO_COUPON,0.0,0.0,2161.32,2161.32,990 Main St,Cash,Shipped,TRK69745608,6,Google,2025,2,February,28,Friday,0
ORD200284,2023-02-16,C27203,Laptop,5,208.17,1040.85,SAVE10,0.1,104.08,936.77,1040.85,516 Main St,Credit Card,Returned,TRK22023906,6,Facebook,2023,2,February,16,Thursday,0
ORD200285,2025-06-10,C67583,Phone,1,338.31,338.31,NO_COUPON,0.0,0.0,338.31,338.31,974 Main St,Online,Delivered,TRK93281700,3,Google,2025,6,June,10,Tuesday,0
ORD200286,2025-04-07,C70554,Monitor,3,139.45,418.35,WINTER15,0.15,62.75,355.6,418.35,187 Main St,Gift Card,Returned,TRK61086952,8,Google,2025,4,April,7,Monday,0
ORD200287,2023-11-24,C70437,Chair,4,655.18,2620.72,NO_COUPON,0.0,0.0,2620.72,2620.72,630 Main St,Online,Shipped,TRK26628830,5,Facebook,2023,11,November,24,Friday,0
ORD200288,2023-03-12,C97643,Laptop,4,512.75,2051.0,WINTER15,0.15,307.65,1743.35,2051.0,537 Main St,Debit Card,Returned,TRK60831391,8,Google,2023,3,March,12,Sunday,1
ORD200289,2023-07-26,C17136,Chair,4,160.49,641.96,WINTER15,0.15,96.29,545.67,641.96,333 Main St,Credit Card,Shipped,TRK55362541,8,Referral,2023,7,July,26,Wednesday,0
ORD200290,2023-05-05,C24901,Chair,3,99.9,299.7,FREESHIP,0.0,0.0,299.7,299.7,258 Main St,Cash,Delivered,TRK14029489,8,Facebook,2023,5,May,5,Friday,0
ORD200291,2024-05-12,C61521,Phone,2,345.01,690.02,FREESHIP,0.0,0.0,690.02,690.02,670 Main St,Credit Card,Delivered,TRK93676567,6,Google,2024,5,May,12,Sunday,1
ORD200292,2025-01-15,C39639,Monitor,1,65.95,65.95,NO_COUPON,0.0,0.0,65.95,65.95,185 Main St,Credit Card,Delivered,TRK31042152,5,Facebook,2025,1,January,15,Wednesday,0
ORD200293,2023-02-16,C33220,Tablet,4,463.04,1852.16,NO_COUPON,0.0,0.0,1852.16,1852.16,564 Main St,Gift Card,Returned,TRK40450219,9,Instagram,2023,2,February,16,Thursday,0
ORD200294,2025-04-01,C65414,Phone,2,297.71,595.42,SAVE10,0.1,59.54,535.88,595.42,208 Main St,Online,Shipped,TRK67562517,7,Referral,2025,4,April,1,Tuesday,0
ORD200295,2023-01-25,C49009,Printer,5,107.48,537.4,FREESHIP,0.0,0.0,537.4,537.4,278 Main St,Debit Card,Cancelled,TRK46285799,9,Email,2023,1,January,25,Wednesday,0
ORD200296,2024-06-19,C48453,Desk,5,638.8,3194.0,WINTER15,0.15,479.1,2714.9,3194.0,434 Main St,Debit Card,Cancelled,TRK52110494,10,Referral,2024,6,June,19,Wednesday,0
ORD200297,2023-02-22,C68078,Desk,2,493.88,987.76,SAVE10,0.1,98.78,888.98,987.76,252 Main St,Credit Card,Returned,TRK64862812,7,Instagram,2023,2,February,22,Wednesday,0
ORD200298,2023-12-19,C19402,Printer,4,301.17,1204.68,NO_COUPON,0.0,0.0,1204.68,1204.68,267 Main St,Online,Cancelled,TRK97825212,6,Email,2023,12,December,19,Tuesday,0
ORD200299,2024-01-20,C30711,Monitor,1,278.66,278.66,FREESHIP,0.0,0.0,278.66,278.66,856 Main St,Gift Card,Cancelled,TRK42696593,2,Instagram,2024,1,January,20,Saturday,1
ORD200300,2024-09-02,C39000,Phone,1,287.46,287.46,FREESHIP,0.0,0.0,287.46,287.46,894 Main St,Debit Card,Returned,TRK33753945,3,Facebook,2024,9,September,2,Monday,0
ORD200301,2023-05-11,C31105,Chair,1,583.99,583.99,SAVE10,0.1,58.4,525.59,583.99,726 Main St,Cash,Cancelled,TRK40149095,2,Email,2023,5,May,11,Thursday,0
ORD200302,2023-05-16,C29432,Chair,3,468.74,1406.22,FREESHIP,0.0,0.0,1406.22,1406.22,121 Main St,Cash,Pending,TRK44142517,4,Instagram,2023,5,May,16,Tuesday,0
ORD200303,2024-12-07,C48531,Tablet,1,30.54,30.54,NO_COUPON,0.0,0.0,30.54,30.54,368 Main St,Debit Card,Returned,TRK95462192,1,Google,2024,12,December,7,Saturday,1
ORD200304,2024-10-18,C86762,Monitor,5,408.73,2043.65,FREESHIP,0.0,0.0,2043.65,2043.65,326 Main St,Gift Card,Delivered,TRK75686292,10,Instagram,2024,10,October,18,Friday,0
ORD200305,2023-11-25,C63822,Laptop,4,126.89,507.56,FREESHIP,0.0,0.0,507.56,507.56,235 Main St,Cash,Pending,TRK59353216,9,Instagram,2023,11,November,25,Saturday,1
ORD200306,2024-06-07,C70495,Printer,2,57.07,114.14,SAVE10,0.1,11.41,102.73,114.14,238 Main St,Debit Card,Returned,TRK65511225,3,Instagram,2024,6,June,7,Friday,0
ORD200307,2023-07-01,C92407,Laptop,3,557.41,1672.23,NO_COUPON,0.0,0.0,1672.23,1672.23,135 Main St,Online,Delivered,TRK11755610,4,Email,2023,7,July,1,Saturday,1
ORD200308,2023-12-11,C75888,Printer,3,448.9,1346.7,SAVE10,0.1,134.67,1212.03,1346.7,790 Main St,Debit Card,Returned,TRK98467398,7,Instagram,2023,12,December,11,Monday,0
ORD200309,2023-10-03,C63153,Chair,4,549.76,2199.04,FREESHIP,0.0,0.0,2199.04,2199.04,625 Main St,Debit Card,Delivered,TRK38033305,4,Facebook,2023,10,October,3,Tuesday,0
ORD200310,2024-02-24,C85863,Printer,3,132.48,397.44,NO_COUPON,0.0,0.0,397.44,397.44,968 Main St,Online,Shipped,TRK16094218,4,Referral,2024,2,February,24,Saturday,1
ORD200311,2025-05-17,C71698,Desk,5,489.37,2446.85,NO_COUPON,0.0,0.0,2446.85,2446.85,274 Main St,Online,Returned,TRK34786818,8,Instagram,2025,5,May,17,Saturday,1
ORD200312,2025-05-24,C35397,Printer,5,66.31,331.55,FREESHIP,0.0,0.0,331.55,331.55,579 Main St,Gift Card,Pending,TRK64742535,7,Referral,2025,5,May,24,Saturday,1
ORD200313,2023-07-09,C67687,Chair,2,434.3,868.6,SAVE10,0.1,86.86,781.74,868.6,978 Main St,Cash,Delivered,TRK22838735,7,Instagram,2023,7,July,9,Sunday,1
ORD200314,2023-10-04,C29931,Desk,4,153.09,612.36,FREESHIP,0.0,0.0,612.36,612.36,540 Main St,Online,Delivered,TRK48712417,4,Referral,2023,10,October,4,Wednesday,0
ORD200315,2025-05-12,C59139,Tablet,5,91.67,458.35,FREESHIP,0.0,0.0,458.35,458.35,301 Main St,Online,Cancelled,TRK45507090,9,Email,2025,5,May,12,Monday,0
ORD200316,2023-10-02,C66078,Desk,4,275.28,1101.12,WINTER15,0.15,165.17,935.95,1101.12,101 Main St,Gift Card,Shipped,TRK86474559,9,Facebook,2023,10,October,2,Monday,0
ORD200317,2023-04-10,C88370,Monitor,2,139.95,279.9,NO_COUPON,0.0,0.0,279.9,279.9,339 Main St,Online,Returned,TRK22575151,5,Instagram,2023,4,April,10,Monday,0
ORD200318,2024-07-27,C93375,Chair,3,148.72,446.16,SAVE10,0.1,44.62,401.54,446.16,317 Main St,Debit Card,Cancelled,TRK95706967,7,Google,2024,7,July,27,Saturday,1
ORD200319,2023-12-02,C53049,Laptop,2,563.06,1126.12,NO_COUPON,0.0,0.0,1126.12,1126.12,413 Main St,Cash,Returned,TRK48974907,6,Instagram,2023,12,December,2,Saturday,1
ORD200320,2024-12-19,C55590,Printer,1,625.51,625.51,FREESHIP,0.0,0.0,625.51,625.51,772 Main St,Credit Card,Shipped,TRK48792951,1,Facebook,2024,12,December,19,Thursday,0
ORD200321,2023-08-09,C47086,Phone,4,152.29,609.16,WINTER15,0.15,91.37,517.79,609.16,135 Main St,Debit Card,Cancelled,TRK44194358,6,Google,2023,8,August,9,Wednesday,0
ORD200322,2024-06-14,C48646,Phone,5,231.82,1159.1,SAVE10,0.1,115.91,1043.19,1159.1,339 Main St,Debit Card,Delivered,TRK18233748,6,Facebook,2024,6,June,14,Friday,0
ORD200323,2025-01-26,C29416,Laptop,1,150.17,150.17,SAVE10,0.1,15.02,135.15,150.17,414 Main St,Debit Card,Returned,TRK63820842,1,Referral,2025,1,January,26,Sunday,1
ORD200324,2024-06-13,C13525,Tablet,3,70.93,212.79,NO_COUPON,0.0,0.0,212.79,212.79,847 Main St,Debit Card,Returned,TRK70193221,5,Referral,2024,6,June,13,Thursday,0
ORD200325,2023-06-29,C53545,Desk,3,361.39,1084.17,NO_COUPON,0.0,0.0,1084.17,1084.17,665 Main St,Credit Card,Shipped,TRK61123177,8,Referral,2023,6,June,29,Thursday,0
ORD200326,2024-07-01,C65986,Laptop,5,670.48,3352.4,SAVE10,0.1,335.24,3017.16,3352.4,273 Main St,Gift Card,Returned,TRK98353867,5,Facebook,2024,7,July,1,Monday,0
ORD200327,2023-07-25,C17302,Phone,1,359.99,359.99,SAVE10,0.1,36.0,323.99,359.99,385 Main St,Gift Card,Cancelled,TRK43940016,5,Email,2023,7,July,25,Tuesday,0
ORD200328,2023-02-28,C18404,Tablet,5,674.04,3370.2,SAVE10,0.1,337.02,3033.18,3370.2,546 Main St,Online,Cancelled,TRK89401624,7,Google,2023,2,February,28,Tuesday,0
ORD200329,2024-12-25,C88371,Chair,4,283.16,1132.64,NO_COUPON,0.0,0.0,1132.64,1132.64,306 Main St,Credit Card,Shipped,TRK63224811,6,Google,2024,12,December,25,Wednesday,0
ORD200330,2024-06-02,C38068,Desk,5,260.53,1302.65,SAVE10,0.1,130.27,1172.38,1302.65,532 Main St,Gift Card,Pending,TRK54059198,5,Instagram,2024,6,June,2,Sunday,1
ORD200331,2023-04-15,C78724,Printer,3,422.13,1266.39,SAVE10,0.1,126.64,1139.75,1266.39,187 Main St,Online,Delivered,TRK25703134,7,Facebook,2023,4,April,15,Saturday,1
ORD200332,2024-07-03,C26163,Desk,5,125.02,625.1,SAVE10,0.1,62.51,562.59,625.1,607 Main St,Debit Card,Pending,TRK67499316,9,Google,2024,7,July,3,Wednesday,0
ORD200333,2024-04-16,C87124,Phone,1,198.51,198.51,WINTER15,0.15,29.78,168.73,198.51,818 Main St,Credit Card,Returned,TRK52086740,5,Instagram,2024,4,April,16,Tuesday,0
ORD200334,2024-03-26,C90348,Chair,4,224.75,899.0,WINTER15,0.15,134.85,764.15,899.0,728 Main St,Online,Delivered,TRK20635777,7,Facebook,2024,3,March,26,Tuesday,0
ORD200335,2025-03-03,C58721,Tablet,3,205.86,617.58,NO_COUPON,0.0,0.0,617.58,617.58,978 Main St,Gift Card,Shipped,TRK34801199,4,Email,2025,3,March,3,Monday,0
ORD200336,2023-12-29,C88174,Laptop,1,18.2,18.2,SAVE10,0.1,1.82,16.38,18.2,441 Main St,Debit Card,Pending,TRK10143345,4,Instagram,2023,12,December,29,Friday,0
ORD200337,2023-05-29,C77763,Tablet,3,502.77,1508.31,WINTER15,0.15,226.25,1282.06,1508.31,599 Main St,Debit Card,Returned,TRK66980447,8,Email,2023,5,May,29,Monday,0
ORD200338,2023-11-08,C53627,Phone,5,305.49,1527.45,NO_COUPON,0.0,0.0,1527.45,1527.45,704 Main St,Debit Card,Shipped,TRK64112352,10,Referral,2023,11,November,8,Wednesday,0
ORD200339,2024-04-10,C84563,Printer,2,236.33,472.66,SAVE10,0.1,47.27,425.39,472.66,398 Main St,Online,Pending,TRK62422797,3,Instagram,2024,4,April,10,Wednesday,0
ORD200340,2023-04-23,C76207,Laptop,5,521.25,2606.25,NO_COUPON,0.0,0.0,2606.25,2606.25,826 Main St,Cash,Cancelled,TRK25569378,8,Email,2023,4,April,23,Sunday,1
ORD200341,2024-09-23,C94671,Tablet,1,167.15,167.15,WINTER15,0.15,25.07,142.08,167.15,293 Main St,Gift Card,Shipped,TRK61357272,5,Email,2024,9,September,23,Monday,0
ORD200342,2025-06-24,C69994,Monitor,5,466.42,2332.1,NO_COUPON,0.0,0.0,2332.1,2332.1,619 Main St,Gift Card,Returned,TRK95935805,5,Referral,2025,6,June,24,Tuesday,0
ORD200343,2023-02-26,C64638,Printer,1,527.57,527.57,FREESHIP,0.0,0.0,527.57,527.57,919 Main St,Debit Card,Pending,TRK64087938,3,Facebook,2023,2,February,26,Sunday,1
ORD200344,2025-03-06,C95623,Tablet,3,623.34,1870.02,SAVE10,0.1,187.0,1683.02,1870.02,248 Main St,Online,Cancelled,TRK67558189,3,Instagram,2025,3,March,6,Thursday,0
ORD200345,2023-12-07,C24751,Tablet,5,501.26,2506.3,FREESHIP,0.0,0.0,2506.3,2506.3,259 Main St,Gift Card,Shipped,TRK37285406,10,Referral,2023,12,December,7,Thursday,0
ORD200346,2024-12-06,C31764,Tablet,1,655.09,655.09,NO_COUPON,0.0,0.0,655.09,655.09,876 Main St,Cash,Pending,TRK44680433,6,Referral,2024,12,December,6,Friday,0
ORD200347,2024-02-03,C83556,Printer,4,264.79,1059.16,SAVE10,0.1,105.92,953.24,1059.16,380 Main St,Credit Card,Pending,TRK21109187,5,Google,2024,2,February,3,Saturday,1
ORD200348,2024-03-13,C24369,Laptop,3,359.73,1079.19,FREESHIP,0.0,0.0,1079.19,1079.19,885 Main St,Debit Card,Returned,TRK72633998,7,Email,2024,3,March,13,Wednesday,0
ORD200349,2023-11-30,C39648,Chair,1,465.33,465.33,FREESHIP,0.0,0.0,465.33,465.33,824 Main St,Gift Card,Delivered,TRK56016905,2,Google,2023,11,November,30,Thursday,0
ORD200350,2023-06-03,C13296,Chair,2,54.41,108.82,NO_COUPON,0.0,0.0,108.82,108.82,495 Main St,Online,Shipped,TRK60127216,6,Instagram,2023,6,June,3,Saturday,1
ORD200351,2025-02-15,C94248,Laptop,1,64.66,64.66,NO_COUPON,0.0,0.0,64.66,64.66,494 Main St,Debit Card,Delivered,TRK89406816,4,Instagram,2025,2,February,15,Saturday,1
ORD200352,2023-08-31,C26637,Chair,5,173.96,869.8,WINTER15,0.15,130.47,739.33,869.8,995 Main St,Debit Card,Pending,TRK59546992,8,Instagram,2023,8,August,31,Thursday,0
ORD200353,2025-03-28,C16012,Tablet,1,630.82,630.82,FREESHIP,0.0,0.0,630.82,630.82,171 Main St,Online,Delivered,TRK15195225,5,Google,2025,3,March,28,Friday,0
ORD200354,2023-07-11,C31772,Phone,1,693.41,693.41,NO_COUPON,0.0,0.0,693.41,693.41,992 Main St,Debit Card,Shipped,TRK11970357,4,Instagram,2023,7,July,11,Tuesday,0
ORD200355,2025-06-03,C18353,Tablet,3,433.33,1299.99,FREESHIP,0.0,0.0,1299.99,1299.99,677 Main St,Credit Card,Cancelled,TRK78766533,4,Referral,2025,6,June,3,Tuesday,0
ORD200356,2023-05-06,C26966,Printer,5,374.58,1872.9,FREESHIP,0.0,0.0,1872.9,1872.9,907 Main St,Gift Card,Cancelled,TRK83889574,10,Instagram,2023,5,May,6,Saturday,1
ORD200357,2023-07-08,C74982,Laptop,5,408.56,2042.8,FREESHIP,0.0,0.0,2042.8,2042.8,398 Main St,Debit Card,Delivered,TRK98700702,8,Instagram,2023,7,July,8,Saturday,1
ORD200358,2024-04-07,C70633,Tablet,2,183.67,367.34,SAVE10,0.1,36.73,330.61,367.34,747 Main St,Online,Cancelled,TRK82540521,3,Google,2024,4,April,7,Sunday,1
ORD200359,2023-06-09,C95643,Desk,4,606.57,2426.28,WINTER15,0.15,363.94,2062.34,2426.28,303 Main St,Debit Card,Delivered,TRK23286689,5,Referral,2023,6,June,9,Friday,0
ORD200360,2024-06-06,C53810,Phone,4,589.57,2358.28,NO_COUPON,0.0,0.0,2358.28,2358.28,779 Main St,Cash,Pending,TRK34630612,8,Instagram,2024,6,June,6,Thursday,0
ORD200361,2024-06-29,C53464,Printer,5,659.85,3299.25,SAVE10,0.1,329.92,2969.33,3299.25,197 Main St,Credit Card,Delivered,TRK32743531,9,Facebook,2024,6,June,29,Saturday,1
ORD200362,2023-06-27,C53697,Monitor,4,206.84,827.36,WINTER15,0.15,124.1,703.26,827.36,312 Main St,Cash,Cancelled,TRK60476656,5,Instagram,2023,6,June,27,Tuesday,0
ORD200363,2024-05-24,C31668,Laptop,5,113.87,569.35,SAVE10,0.1,56.94,512.41,569.35,871 Main St,Credit Card,Pending,TRK42584392,6,Email,2024,5,May,24,Friday,0
ORD200364,2023-11-24,C85282,Phone,5,628.74,3143.7,FREESHIP,0.0,0.0,3143.7,3143.7,740 Main St,Cash,Cancelled,TRK86767206,9,Facebook,2023,11,November,24,Friday,0
ORD200365,2025-02-14,C56796,Phone,1,678.38,678.38,SAVE10,0.1,67.84,610.54,678.38,607 Main St,Credit Card,Cancelled,TRK74263180,4,Referral,2025,2,February,14,Friday,0
ORD200366,2023-02-10,C95213,Printer,3,602.24,1806.72,NO_COUPON,0.0,0.0,1806.72,1806.72,603 Main St,Debit Card,Pending,TRK40630538,8,Referral,2023,2,February,10,Friday,0
ORD200367,2024-04-25,C13108,Laptop,5,658.77,3293.85,FREESHIP,0.0,0.0,3293.85,3293.85,712 Main St,Gift Card,Pending,TRK82284400,10,Instagram,2024,4,April,25,Thursday,0
ORD200368,2023-05-01,C85322,Monitor,3,271.02,813.06,NO_COUPON,0.0,0.0,813.06,813.06,403 Main St,Credit Card,Cancelled,TRK89728869,6,Google,2023,5,May,1,Monday,0
ORD200369,2024-12-22,C43545,Monitor,5,375.25,1876.25,SAVE10,0.1,187.62,1688.63,1876.25,216 Main St,Gift Card,Pending,TRK73937402,9,Email,2024,12,December,22,Sunday,1
ORD200370,2025-05-03,C80649,Phone,1,312.11,312.11,WINTER15,0.15,46.82,265.29,312.11,870 Main St,Online,Cancelled,TRK41143313,4,Facebook,2025,5,May,3,Saturday,1
ORD200371,2023-01-05,C59752,Phone,5,307.76,1538.8,FREESHIP,0.0,0.0,1538.8,1538.8,179 Main St,Gift Card,Pending,TRK82229639,9,Google,2023,1,January,5,Thursday,0
ORD200372,2025-02-14,C53645,Chair,3,483.53,1450.59,NO_COUPON,0.0,0.0,1450.59,1450.59,166 Main St,Cash,Returned,TRK12123939,4,Referral,2025,2,February,14,Friday,0
ORD200373,2023-01-02,C60178,Laptop,3,341.15,1023.45,FREESHIP,0.0,0.0,1023.45,1023.45,969 Main St,Cash,Pending,TRK84505143,4,Instagram,2023,1,January,2,Monday,0
ORD200374,2024-09-16,C20286,Monitor,1,571.9,571.9,WINTER15,0.15,85.78,486.12,571.9,129 Main St,Gift Card,Pending,TRK67648338,1,Instagram,2024,9,September,16,Monday,0
ORD200375,2025-01-16,C87547,Monitor,4,95.03,380.12,FREESHIP,0.0,0.0,380.12,380.12,400 Main St,Online,Shipped,TRK71027262,8,Facebook,2025,1,January,16,Thursday,0
ORD200376,2023-08-24,C64549,Monitor,5,201.22,1006.1,FREESHIP,0.0,0.0,1006.1,1006.1,341 Main St,Debit Card,Pending,TRK20788231,6,Facebook,2023,8,August,24,Thursday,0
ORD200377,2024-07-22,C24884,Monitor,1,260.26,260.26,WINTER15,0.15,39.04,221.22,260.26,625 Main St,Online,Pending,TRK44538419,5,Instagram,2024,7,July,22,Monday,0
ORD200378,2024-02-01,C62666,Chair,5,64.5,322.5,WINTER15,0.15,48.38,274.12,322.5,148 Main St,Credit Card,Pending,TRK91029390,8,Instagram,2024,2,February,1,Thursday,0
ORD200379,2024-09-21,C47284,Phone,3,297.67,893.01,NO_COUPON,0.0,0.0,893.01,893.01,500 Main St,Online,Shipped,TRK85756094,6,Google,2024,9,September,21,Saturday,1
ORD200380,2024-04-20,C35355,Printer,4,331.9,1327.6,SAVE10,0.1,132.76,1194.84,1327.6,127 Main St,Cash,Pending,TRK52935059,5,Instagram,2024,4,April,20,Saturday,1
ORD200381,2023-06-07,C29467,Chair,1,191.76,191.76,FREESHIP,0.0,0.0,191.76,191.76,223 Main St,Credit Card,Returned,TRK98103385,1,Instagram,2023,6,June,7,Wednesday,0
ORD200382,2025-01-30,C26718,Printer,4,263.09,1052.36,SAVE10,0.1,105.24,947.12,1052.36,272 Main St,Debit Card,Shipped,TRK91702525,8,Google,2025,1,January,30,Thursday,0
ORD200383,2023-01-20,C18944,Chair,4,393.8,1575.2,SAVE10,0.1,157.52,1417.68,1575.2,837 Main St,Credit Card,Pending,TRK45275439,7,Email,2023,1,January,20,Friday,0
ORD200384,2024-11-24,C35628,Chair,3,553.57,1660.71,FREESHIP,0.0,0.0,1660.71,1660.71,147 Main St,Credit Card,Returned,TRK45688220,4,Facebook,2024,11,November,24,Sunday,1
ORD200385,2023-10-31,C56851,Chair,5,191.63,958.15,FREESHIP,0.0,0.0,958.15,958.15,752 Main St,Gift Card,Delivered,TRK65290904,6,Facebook,2023,10,October,31,Tuesday,0
ORD200386,2023-04-28,C12421,Tablet,1,93.02,93.02,NO_COUPON,0.0,0.0,93.02,93.02,373 Main St,Online,Returned,TRK32588504,4,Email,2023,4,April,28,Friday,0
ORD200387,2024-06-27,C25316,Printer,2,39.53,79.06,WINTER15,0.15,11.86,67.2,79.06,904 Main St,Credit Card,Shipped,TRK55423551,3,Google,2024,6,June,27,Thursday,0
ORD200388,2023-12-28,C22657,Printer,3,633.97,1901.91,WINTER15,0.15,285.29,1616.62,1901.91,152 Main St,Cash,Pending,TRK49157047,7,Facebook,2023,12,December,28,Thursday,0
ORD200389,2023-12-17,C29703,Desk,4,697.5,2790.0,FREESHIP,0.0,0.0,2790.0,2790.0,558 Main St,Cash,Shipped,TRK40543461,7,Referral,2023,12,December,17,Sunday,1
ORD200390,2023-07-14,C55996,Printer,5,508.69,2543.45,FREESHIP,0.0,0.0,2543.45,2543.45,885 Main St,Cash,Delivered,TRK30547638,10,Google,2023,7,July,14,Friday,0
ORD200391,2025-01-16,C60037,Laptop,2,527.46,1054.92,FREESHIP,0.0,0.0,1054.92,1054.92,516 Main St,Debit Card,Cancelled,TRK82009557,3,Referral,2025,1,January,16,Thursday,0
ORD200392,2024-02-28,C95100,Phone,1,627.2,627.2,WINTER15,0.15,94.08,533.12,627.2,197 Main St,Online,Delivered,TRK47366265,1,Email,2024,2,February,28,Wednesday,0
ORD200393,2024-07-14,C39906,Printer,1,75.01,75.01,NO_COUPON,0.0,0.0,75.01,75.01,921 Main St,Credit Card,Returned,TRK24632134,3,Google,2024,7,July,14,Sunday,1
ORD200394,2023-07-05,C70148,Desk,5,529.55,2647.75,NO_COUPON,0.0,0.0,2647.75,2647.75,359 Main St,Gift Card,Shipped,TRK34848650,10,Facebook,2023,7,July,5,Wednesday,0
ORD200395,2025-04-25,C30010,Phone,3,127.41,382.23,SAVE10,0.1,38.22,344.01,382.23,830 Main St,Gift Card,Delivered,TRK35386084,7,Referral,2025,4,April,25,Friday,0
ORD200396,2023-12-01,C99217,Tablet,5,287.13,1435.65,SAVE10,0.1,143.57,1292.08,1435.65,778 Main St,Online,Shipped,TRK82004594,10,Email,2023,12,December,1,Friday,0
ORD200397,2023-09-28,C30184,Monitor,1,427.06,427.06,WINTER15,0.15,64.06,363.0,427.06,987 Main St,Online,Cancelled,TRK86674704,1,Referral,2023,9,September,28,Thursday,0
ORD200398,2024-09-04,C50275,Phone,5,53.93,269.65,SAVE10,0.1,26.96,242.69,269.65,729 Main St,Gift Card,Shipped,TRK98925264,7,Instagram,2024,9,September,4,Wednesday,0
ORD200399,2024-01-07,C64641,Tablet,5,423.93,2119.65,FREESHIP,0.0,0.0,2119.65,2119.65,319 Main St,Debit Card,Returned,TRK32012588,5,Facebook,2024,1,January,7,Sunday,1
ORD200400,2024-09-28,C56266,Desk,4,160.22,640.88,WINTER15,0.15,96.13,544.75,640.88,304 Main St,Debit Card,Returned,TRK60088901,9,Instagram,2024,9,September,28,Saturday,1
ORD200401,2025-04-09,C98635,Printer,1,538.68,538.68,NO_COUPON,0.0,0.0,538.68,538.68,197 Main St,Debit Card,Returned,TRK14225465,6,Referral,2025,4,April,9,Wednesday,0
ORD200402,2023-04-09,C83026,Printer,5,337.38,1686.9,NO_COUPON,0.0,0.0,1686.9,1686.9,858 Main St,Gift Card,Shipped,TRK79746259,5,Referral,2023,4,April,9,Sunday,1
ORD200403,2024-11-10,C28893,Tablet,1,620.21,620.21,FREESHIP,0.0,0.0,620.21,620.21,740 Main St,Online,Returned,TRK98333066,1,Referral,2024,11,November,10,Sunday,1
ORD200404,2023-03-09,C45482,Monitor,2,99.1,198.2,NO_COUPON,0.0,0.0,198.2,198.2,440 Main St,Cash,Delivered,TRK54571699,6,Instagram,2023,3,March,9,Thursday,0
ORD200405,2025-01-26,C97774,Monitor,4,451.97,1807.88,WINTER15,0.15,271.18,1536.7,1807.88,603 Main St,Online,Cancelled,TRK64664424,7,Email,2025,1,January,26,Sunday,1
ORD200406,2023-12-10,C11657,Tablet,4,66.1,264.4,WINTER15,0.15,39.66,224.74,264.4,572 Main St,Cash,Returned,TRK50284486,9,Google,2023,12,December,10,Sunday,1
ORD200407,2023-08-13,C85993,Tablet,4,547.32,2189.28,FREESHIP,0.0,0.0,2189.28,2189.28,250 Main St,Cash,Returned,TRK72547640,8,Instagram,2023,8,August,13,Sunday,1
ORD200408,2025-01-01,C11906,Printer,3,412.53,1237.59,WINTER15,0.15,185.64,1051.95,1237.59,536 Main St,Online,Pending,TRK31140158,6,Google,2025,1,January,1,Wednesday,0
ORD200409,2023-06-28,C45187,Desk,5,84.13,420.65,SAVE10,0.1,42.06,378.59,420.65,767 Main St,Online,Delivered,TRK12320793,9,Google,2023,6,June,28,Wednesday,0
ORD200410,2024-01-18,C37375,Tablet,2,518.23,1036.46,NO_COUPON,0.0,0.0,1036.46,1036.46,184 Main St,Debit Card,Shipped,TRK52470162,5,Email,2024,1,January,18,Thursday,0
ORD200411,2024-06-19,C66567,Desk,2,39.51,79.02,NO_COUPON,0.0,0.0,79.02,79.02,981 Main St,Online,Shipped,TRK21174822,5,Facebook,2024,6,June,19,Wednesday,0
ORD200412,2025-04-11,C42451,Tablet,5,133.01,665.05,NO_COUPON,0.0,0.0,665.05,665.05,246 Main St,Credit Card,Returned,TRK31313343,10,Facebook,2025,4,April,11,Friday,0
ORD200413,2023-10-08,C13923,Tablet,1,118.8,118.8,SAVE10,0.1,11.88,106.92,118.8,123 Main St,Online,Delivered,TRK87598790,6,Email,2023,10,October,8,Sunday,1
ORD200414,2025-05-04,C11829,Desk,2,139.57,279.14,WINTER15,0.15,41.87,237.27,279.14,797 Main St,Cash,Delivered,TRK84229257,4,Facebook,2025,5,May,4,Sunday,1
ORD200415,2025-04-06,C62169,Chair,1,184.15,184.15,FREESHIP,0.0,0.0,184.15,184.15,655 Main St,Gift Card,Shipped,TRK64558985,5,Facebook,2025,4,April,6,Sunday,1
ORD200416,2023-07-18,C20881,Laptop,2,644.05,1288.1,WINTER15,0.15,193.21,1094.89,1288.1,652 Main St,Gift Card,Cancelled,TRK26263902,5,Referral,2023,7,July,18,Tuesday,0
ORD200417,2023-10-24,C44492,Laptop,5,55.41,277.05,NO_COUPON,0.0,0.0,277.05,277.05,954 Main St,Online,Cancelled,TRK51429869,5,Google,2023,10,October,24,Tuesday,0
ORD200418,2023-01-11,C74169,Printer,1,310.93,310.93,NO_COUPON,0.0,0.0,310.93,310.93,862 Main St,Online,Cancelled,TRK66144809,3,Facebook,2023,1,January,11,Wednesday,0
ORD200419,2024-04-17,C70999,Tablet,2,216.66,433.32,FREESHIP,0.0,0.0,433.32,433.32,885 Main St,Debit Card,Pending,TRK75644156,6,Instagram,2024,4,April,17,Wednesday,0
ORD200420,2024-11-29,C11921,Phone,1,452.7,452.7,FREESHIP,0.0,0.0,452.7,452.7,439 Main St,Debit Card,Shipped,TRK91362635,5,Instagram,2024,11,November,29,Friday,0
ORD200421,2023-10-15,C50683,Chair,2,288.21,576.42,NO_COUPON,0.0,0.0,576.42,576.42,769 Main St,Debit Card,Cancelled,TRK53032122,5,Email,2023,10,October,15,Sunday,1
ORD200422,2023-06-05,C76140,Phone,4,206.6,826.4,WINTER15,0.15,123.96,702.44,826.4,914 Main St,Gift Card,Returned,TRK25861469,6,Referral,2023,6,June,5,Monday,0
ORD200423,2024-07-20,C94311,Printer,4,685.2,2740.8,WINTER15,0.15,411.12,2329.68,2740.8,195 Main St,Gift Card,Cancelled,TRK97308771,6,Google,2024,7,July,20,Saturday,1
ORD200424,2023-04-12,C49491,Chair,5,22.94,114.7,NO_COUPON,0.0,0.0,114.7,114.7,339 Main St,Cash,Pending,TRK64012257,10,Email,2023,4,April,12,Wednesday,0
ORD200425,2023-03-09,C40648,Laptop,2,301.88,603.76,WINTER15,0.15,90.56,513.2,603.76,488 Main St,Gift Card,Returned,TRK25325993,5,Email,2023,3,March,9,Thursday,0
ORD200426,2025-03-16,C40967,Monitor,5,57.45,287.25,NO_COUPON,0.0,0.0,287.25,287.25,315 Main St,Cash,Cancelled,TRK24839296,10,Facebook,2025,3,March,16,Sunday,1
ORD200427,2024-12-18,C25406,Desk,1,161.24,161.24,WINTER15,0.15,24.19,137.05,161.24,379 Main St,Credit Card,Pending,TRK70952564,3,Instagram,2024,12,December,18,Wednesday,0
ORD200428,2024-11-26,C77085,Chair,4,262.58,1050.32,WINTER15,0.15,157.55,892.77,1050.32,895 Main St,Online,Cancelled,TRK57227640,8,Email,2024,11,November,26,Tuesday,0
ORD200429,2024-12-19,C38126,Printer,4,515.19,2060.76,SAVE10,0.1,206.08,1854.68,2060.76,522 Main St,Credit Card,Pending,TRK90838498,9,Facebook,2024,12,December,19,Thursday,0
ORD200430,2023-06-07,C87448,Phone,1,450.07,450.07,FREESHIP,0.0,0.0,450.07,450.07,433 Main St,Gift Card,Shipped,TRK44134016,6,Google,2023,6,June,7,Wednesday,0
ORD200431,2024-10-06,C62312,Printer,1,52.54,52.54,WINTER15,0.15,7.88,44.66,52.54,651 Main St,Debit Card,Cancelled,TRK59623037,6,Facebook,2024,10,October,6,Sunday,1
ORD200432,2023-09-04,C58443,Tablet,2,424.32,848.64,NO_COUPON,0.0,0.0,848.64,848.64,662 Main St,Credit Card,Returned,TRK77163738,6,Referral,2023,9,September,4,Monday,0
ORD200433,2023-08-26,C36613,Monitor,3,631.64,1894.92,FREESHIP,0.0,0.0,1894.92,1894.92,785 Main St,Credit Card,Returned,TRK13282106,3,Facebook,2023,8,August,26,Saturday,1
ORD200434,2023-10-22,C73893,Printer,5,327.68,1638.4,NO_COUPON,0.0,0.0,1638.4,1638.4,384 Main St,Credit Card,Returned,TRK85939879,6,Facebook,2023,10,October,22,Sunday,1
ORD200435,2023-05-27,C48601,Printer,1,414.47,414.47,FREESHIP,0.0,0.0,414.47,414.47,101 Main St,Debit Card,Returned,TRK97868309,3,Instagram,2023,5,May,27,Saturday,1
ORD200436,2023-02-11,C14568,Laptop,4,221.33,885.32,NO_COUPON,0.0,0.0,885.32,885.32,651 Main St,Online,Pending,TRK73545796,5,Google,2023,2,February,11,Saturday,1
ORD200437,2024-04-18,C63378,Phone,1,512.39,512.39,FREESHIP,0.0,0.0,512.39,512.39,955 Main St,Online,Delivered,TRK20863705,2,Instagram,2024,4,April,18,Thursday,0
ORD200438,2025-01-03,C77800,Tablet,3,459.34,1378.02,SAVE10,0.1,137.8,1240.22,1378.02,436 Main St,Gift Card,Pending,TRK27439574,3,Instagram,2025,1,January,3,Friday,0
ORD200439,2024-09-08,C91155,Tablet,1,146.32,146.32,WINTER15,0.15,21.95,124.37,146.32,321 Main St,Online,Shipped,TRK36260319,4,Facebook,2024,9,September,8,Sunday,1
ORD200440,2024-11-05,C60215,Desk,4,83.6,334.4,SAVE10,0.1,33.44,300.96,334.4,978 Main St,Debit Card,Pending,TRK31727767,4,Facebook,2024,11,November,5,Tuesday,0
ORD200441,2023-12-13,C52915,Printer,2,328.54,657.08,FREESHIP,0.0,0.0,657.08,657.08,475 Main St,Gift Card,Returned,TRK79466982,6,Email,2023,12,December,13,Wednesday,0
ORD200442,2024-05-06,C72588,Chair,5,314.94,1574.7,SAVE10,0.1,157.47,1417.23,1574.7,661 Main St,Cash,Pending,TRK43410829,8,Instagram,2024,5,May,6,Monday,0
ORD200443,2024-05-14,C61668,Chair,2,69.64,139.28,NO_COUPON,0.0,0.0,139.28,139.28,813 Main St,Cash,Returned,TRK58970302,6,Facebook,2024,5,May,14,Tuesday,0
ORD200444,2024-06-08,C79508,Printer,1,135.17,135.17,FREESHIP,0.0,0.0,135.17,135.17,585 Main St,Online,Shipped,TRK61882353,6,Instagram,2024,6,June,8,Saturday,1
ORD200445,2024-03-23,C94569,Phone,1,487.21,487.21,SAVE10,0.1,48.72,438.49,487.21,227 Main St,Cash,Delivered,TRK31351770,3,Referral,2024,3,March,23,Saturday,1
ORD200446,2023-10-18,C89592,Laptop,5,509.58,2547.9,FREESHIP,0.0,0.0,2547.9,2547.9,262 Main St,Online,Delivered,TRK49442402,6,Instagram,2023,10,October,18,Wednesday,0
ORD200447,2024-04-07,C48207,Printer,2,416.81,833.62,NO_COUPON,0.0,0.0,833.62,833.62,356 Main St,Cash,Returned,TRK45355655,2,Facebook,2024,4,April,7,Sunday,1
ORD200448,2023-09-04,C16776,Laptop,2,160.0,320.0,SAVE10,0.1,32.0,288.0,320.0,854 Main St,Cash,Pending,TRK12860600,4,Instagram,2023,9,September,4,Monday,0
ORD200449,2024-08-26,C91518,Tablet,3,253.05,759.15,NO_COUPON,0.0,0.0,759.15,759.15,286 Main St,Online,Pending,TRK48688724,3,Instagram,2024,8,August,26,Monday,0
ORD200450,2024-01-15,C36408,Monitor,5,615.1,3075.5,WINTER15,0.15,461.32,2614.18,3075.5,160 Main St,Gift Card,Returned,TRK94023253,10,Instagram,2024,1,January,15,Monday,0
ORD200451,2023-04-01,C14837,Monitor,1,183.18,183.18,SAVE10,0.1,18.32,164.86,183.18,647 Main St,Debit Card,Cancelled,TRK17501136,6,Email,2023,4,April,1,Saturday,1
ORD200452,2023-07-23,C36467,Printer,1,75.78,75.78,SAVE10,0.1,7.58,68.2,75.78,581 Main St,Cash,Pending,TRK20863987,5,Google,2023,7,July,23,Sunday,1
ORD200453,2025-05-02,C15017,Tablet,1,675.57,675.57,WINTER15,0.15,101.34,574.23,675.57,492 Main St,Cash,Shipped,TRK51241924,1,Facebook,2025,5,May,2,Friday,0
ORD200454,2024-11-27,C54759,Laptop,1,109.29,109.29,FREESHIP,0.0,0.0,109.29,109.29,686 Main St,Debit Card,Cancelled,TRK75583042,5,Google,2024,11,November,27,Wednesday,0
ORD200455,2024-03-26,C58341,Phone,1,639.83,639.83,SAVE10,0.1,63.98,575.85,639.83,874 Main St,Debit Card,Pending,TRK32856728,2,Referral,2024,3,March,26,Tuesday,0
ORD200456,2023-06-26,C94479,Desk,5,62.81,314.05,SAVE10,0.1,31.4,282.65,314.05,259 Main St,Credit Card,Shipped,TRK69089975,9,Facebook,2023,6,June,26,Monday,0
ORD200457,2025-05-25,C50236,Desk,4,615.83,2463.32,WINTER15,0.15,369.5,2093.82,2463.32,545 Main St,Online,Returned,TRK67692578,4,Instagram,2025,5,May,25,Sunday,1
ORD200458,2024-07-02,C31412,Monitor,4,510.58,2042.32,WINTER15,0.15,306.35,1735.97,2042.32,196 Main St,Credit Card,Returned,TRK61946127,7,Email,2024,7,July,2,Tuesday,0
ORD200459,2024-07-24,C90142,Desk,1,334.39,334.39,NO_COUPON,0.0,0.0,334.39,334.39,433 Main St,Credit Card,Returned,TRK39717191,2,Instagram,2024,7,July,24,Wednesday,0
ORD200460,2024-10-06,C83548,Laptop,1,144.25,144.25,WINTER15,0.15,21.64,122.61,144.25,474 Main St,Cash,Returned,TRK93822942,2,Referral,2024,10,October,6,Sunday,1
ORD200461,2024-06-08,C29697,Tablet,1,401.82,401.82,FREESHIP,0.0,0.0,401.82,401.82,407 Main St,Credit Card,Shipped,TRK47776482,5,Google,2024,6,June,8,Saturday,1
ORD200462,2025-03-31,C22991,Phone,1,252.68,252.68,NO_COUPON,0.0,0.0,252.68,252.68,731 Main St,Online,Cancelled,TRK32796086,1,Referral,2025,3,March,31,Monday,0
ORD200463,2023-05-26,C25276,Laptop,5,662.78,3313.9,SAVE10,0.1,331.39,2982.51,3313.9,214 Main St,Debit Card,Shipped,TRK14011732,9,Instagram,2023,5,May,26,Friday,0
ORD200464,2023-03-14,C39176,Tablet,4,434.42,1737.68,FREESHIP,0.0,0.0,1737.68,1737.68,739 Main St,Online,Cancelled,TRK71418686,6,Google,2023,3,March,14,Tuesday,0
ORD200465,2024-02-26,C58773,Printer,5,513.49,2567.45,NO_COUPON,0.0,0.0,2567.45,2567.45,391 Main St,Gift Card,Cancelled,TRK65438300,8,Google,2024,2,February,26,Monday,0
ORD200466,2023-07-18,C37412,Phone,1,432.47,432.47,FREESHIP,0.0,0.0,432.47,432.47,895 Main St,Cash,Delivered,TRK97829604,4,Referral,2023,7,July,18,Tuesday,0
ORD200467,2024-08-30,C36492,Desk,1,45.94,45.94,WINTER15,0.15,6.89,39.05,45.94,572 Main St,Cash,Cancelled,TRK44350440,2,Email,2024,8,August,30,Friday,0
ORD200468,2025-06-21,C90110,Phone,1,418.36,418.36,FREESHIP,0.0,0.0,418.36,418.36,998 Main St,Credit Card,Delivered,TRK60203957,5,Email,2025,6,June,21,Saturday,1
ORD200469,2023-11-26,C13877,Chair,5,676.98,3384.9,NO_COUPON,0.0,0.0,3384.9,3384.9,893 Main St,Cash,Cancelled,TRK17254691,5,Facebook,2023,11,November,26,Sunday,1
ORD200470,2023-09-29,C25149,Tablet,4,263.62,1054.48,SAVE10,0.1,105.45,949.03,1054.48,672 Main St,Cash,Shipped,TRK33538608,5,Email,2023,9,September,29,Friday,0
ORD200471,2025-04-19,C52717,Desk,5,551.27,2756.35,FREESHIP,0.0,0.0,2756.35,2756.35,395 Main St,Online,Cancelled,TRK27625571,7,Referral,2025,4,April,19,Saturday,1
ORD200472,2023-01-06,C60029,Chair,3,508.12,1524.36,FREESHIP,0.0,0.0,1524.36,1524.36,796 Main St,Credit Card,Cancelled,TRK86461316,8,Referral,2023,1,January,6,Friday,0
ORD200473,2025-02-25,C28552,Chair,2,14.93,29.86,NO_COUPON,0.0,0.0,29.86,29.86,449 Main St,Online,Shipped,TRK71597160,4,Facebook,2025,2,February,25,Tuesday,0
ORD200474,2023-11-15,C72293,Printer,3,229.34,688.02,SAVE10,0.1,68.8,619.22,688.02,398 Main St,Credit Card,Shipped,TRK84378003,6,Referral,2023,11,November,15,Wednesday,0
ORD200475,2025-04-19,C29844,Tablet,2,438.62,877.24,SAVE10,0.1,87.72,789.52,877.24,363 Main St,Cash,Cancelled,TRK91642337,3,Facebook,2025,4,April,19,Saturday,1
ORD200476,2024-01-15,C77872,Phone,2,513.59,1027.18,FREESHIP,0.0,0.0,1027.18,1027.18,867 Main St,Online,Returned,TRK19292184,4,Referral,2024,1,January,15,Monday,0
ORD200477,2025-03-05,C56564,Phone,2,253.74,507.48,SAVE10,0.1,50.75,456.73,507.48,481 Main St,Online,Shipped,TRK13166044,5,Google,2025,3,March,5,Wednesday,0
ORD200478,2024-11-01,C16758,Tablet,3,62.77,188.31,FREESHIP,0.0,0.0,188.31,188.31,914 Main St,Gift Card,Shipped,TRK88544431,6,Referral,2024,11,November,1,Friday,0
ORD200479,2023-02-18,C87011,Monitor,4,25.29,101.16,NO_COUPON,0.0,0.0,101.16,101.16,943 Main St,Credit Card,Pending,TRK21429162,8,Google,2023,2,February,18,Saturday,1
ORD200480,2023-06-16,C21147,Chair,1,335.1,335.1,FREESHIP,0.0,0.0,335.1,335.1,126 Main St,Debit Card,Pending,TRK93171043,6,Referral,2023,6,June,16,Friday,0
ORD200481,2023-04-23,C94568,Laptop,4,484.85,1939.4,WINTER15,0.15,290.91,1648.49,1939.4,317 Main St,Debit Card,Delivered,TRK58653915,5,Referral,2023,4,April,23,Sunday,1
ORD200482,2025-03-02,C35852,Monitor,3,381.41,1144.23,NO_COUPON,0.0,0.0,1144.23,1144.23,989 Main St,Online,Pending,TRK22302049,6,Instagram,2025,3,March,2,Sunday,1
ORD200483,2023-01-18,C66462,Phone,5,347.92,1739.6,WINTER15,0.15,260.94,1478.66,1739.6,982 Main St,Cash,Pending,TRK52743700,6,Google,2023,1,January,18,Wednesday,0
ORD200484,2024-05-29,C29092,Chair,4,15.01,60.04,NO_COUPON,0.0,0.0,60.04,60.04,767 Main St,Cash,Cancelled,TRK90455340,6,Facebook,2024,5,May,29,Wednesday,0
ORD200485,2023-08-01,C46651,Chair,3,404.79,1214.37,SAVE10,0.1,121.44,1092.93,1214.37,764 Main St,Cash,Shipped,TRK67679195,6,Instagram,2023,8,August,1,Tuesday,0
ORD200486,2023-02-03,C88981,Printer,4,611.26,2445.04,SAVE10,0.1,244.5,2200.54,2445.04,558 Main St,Cash,Shipped,TRK75267873,5,Referral,2023,2,February,3,Friday,0
ORD200487,2023-03-09,C40136,Printer,3,346.52,1039.56,SAVE10,0.1,103.96,935.6,1039.56,211 Main St,Credit Card,Pending,TRK92924852,3,Google,2023,3,March,9,Thursday,0
ORD200488,2024-12-05,C81573,Chair,1,36.65,36.65,WINTER15,0.15,5.5,31.15,36.65,556 Main St,Online,Cancelled,TRK96522994,1,Email,2024,12,December,5,Thursday,0
ORD200489,2023-09-05,C11940,Tablet,3,149.34,448.02,WINTER15,0.15,67.2,380.82,448.02,589 Main St,Gift Card,Cancelled,TRK85466461,7,Email,2023,9,September,5,Tuesday,0
ORD200490,2024-07-22,C50097,Chair,5,467.81,2339.05,NO_COUPON,0.0,0.0,2339.05,2339.05,539 Main St,Online,Cancelled,TRK62785150,10,Facebook,2024,7,July,22,Monday,0
ORD200491,2023-01-05,C98168,Phone,5,420.7,2103.5,WINTER15,0.15,315.52,1787.98,2103.5,481 Main St,Cash,Pending,TRK56423359,5,Facebook,2023,1,January,5,Thursday,0
ORD200492,2023-10-25,C39074,Laptop,5,606.52,3032.6,SAVE10,0.1,303.26,2729.34,3032.6,103 Main St,Debit Card,Shipped,TRK13027036,6,Instagram,2023,10,October,25,Wednesday,0
ORD200493,2025-01-28,C84908,Phone,1,420.26,420.26,FREESHIP,0.0,0.0,420.26,420.26,372 Main St,Credit Card,Pending,TRK64135970,4,Facebook,2025,1,January,28,Tuesday,0
ORD200494,2023-07-19,C64516,Laptop,3,505.79,1517.37,FREESHIP,0.0,0.0,1517.37,1517.37,459 Main St,Debit Card,Pending,TRK63920573,3,Referral,2023,7,July,19,Wednesday,0
ORD200495,2025-06-05,C63827,Phone,4,493.73,1974.92,SAVE10,0.1,197.49,1777.43,1974.92,947 Main St,Debit Card,Pending,TRK35730581,6,Facebook,2025,6,June,5,Thursday,0
ORD200496,2025-03-14,C93618,Printer,3,201.21,603.63,SAVE10,0.1,60.36,543.27,603.63,249 Main St,Online,Cancelled,TRK66129326,3,Google,2025,3,March,14,Friday,0
ORD200497,2024-10-24,C93948,Printer,3,112.29,336.87,NO_COUPON,0.0,0.0,336.87,336.87,454 Main St,Gift Card,Shipped,TRK77358113,6,Google,2024,10,October,24,Thursday,0
ORD200498,2023-07-12,C73961,Tablet,4,132.56,530.24,WINTER15,0.15,79.54,450.7,530.24,306 Main St,Cash,Returned,TRK32607173,8,Instagram,2023,7,July,12,Wednesday,0
ORD200499,2023-04-06,C18138,Printer,3,539.46,1618.38,SAVE10,0.1,161.84,1456.54,1618.38,520 Main St,Credit Card,Shipped,TRK20289483,4,Facebook,2023,4,April,6,Thursday,0
ORD200500,2024-04-07,C79475,Laptop,5,508.59,2542.95,WINTER15,0.15,381.44,2161.51,2542.95,169 Main St,Cash,Returned,TRK42168516,8,Facebook,2024,4,April,7,Sunday,1
ORD200501,2024-02-04,C88546,Desk,4,203.46,813.84,SAVE10,0.1,81.38,732.46,813.84,226 Main St,Credit Card,Pending,TRK19867754,7,Referral,2024,2,February,4,Sunday,1
ORD200502,2023-05-20,C69332,Monitor,3,565.25,1695.75,SAVE10,0.1,169.58,1526.17,1695.75,745 Main St,Debit Card,Returned,TRK65718848,7,Email,2023,5,May,20,Saturday,1
ORD200503,2023-08-31,C64554,Tablet,3,136.84,410.52,FREESHIP,0.0,0.0,410.52,410.52,498 Main St,Online,Pending,TRK95384568,4,Facebook,2023,8,August,31,Thursday,0
ORD200504,2025-06-11,C11676,Monitor,2,464.5,929.0,WINTER15,0.15,139.35,789.65,929.0,805 Main St,Online,Cancelled,TRK35726395,2,Instagram,2025,6,June,11,Wednesday,0
ORD200505,2023-06-11,C36014,Printer,2,434.97,869.94,NO_COUPON,0.0,0.0,869.94,869.94,558 Main St,Online,Shipped,TRK97246526,7,Email,2023,6,June,11,Sunday,1
ORD200506,2023-07-25,C23279,Monitor,2,43.67,87.34,WINTER15,0.15,13.1,74.24,87.34,696 Main St,Cash,Returned,TRK58039693,4,Instagram,2023,7,July,25,Tuesday,0
ORD200507,2023-07-05,C86481,Phone,1,171.59,171.59,WINTER15,0.15,25.74,145.85,171.59,546 Main St,Credit Card,Pending,TRK87513944,5,Email,2023,7,July,5,Wednesday,0
ORD200508,2025-05-14,C39550,Phone,1,558.27,558.27,NO_COUPON,0.0,0.0,558.27,558.27,976 Main St,Online,Delivered,TRK24120267,1,Referral,2025,5,May,14,Wednesday,0
ORD200509,2023-02-15,C68937,Laptop,2,425.03,850.06,WINTER15,0.15,127.51,722.55,850.06,560 Main St,Cash,Returned,TRK31908657,2,Google,2023,2,February,15,Wednesday,0
ORD200510,2024-12-16,C72533,Printer,1,376.76,376.76,SAVE10,0.1,37.68,339.08,376.76,389 Main St,Debit Card,Delivered,TRK51288986,5,Email,2024,12,December,16,Monday,0
ORD200511,2024-03-15,C11415,Monitor,5,575.24,2876.2,WINTER15,0.15,431.43,2444.77,2876.2,267 Main St,Cash,Delivered,TRK65061457,7,Email,2024,3,March,15,Friday,0
ORD200512,2024-09-27,C14114,Desk,3,568.02,1704.06,FREESHIP,0.0,0.0,1704.06,1704.06,856 Main St,Online,Pending,TRK63290700,3,Instagram,2024,9,September,27,Friday,0
ORD200513,2025-02-09,C64128,Tablet,3,94.88,284.64,NO_COUPON,0.0,0.0,284.64,284.64,533 Main St,Gift Card,Shipped,TRK37053575,8,Referral,2025,2,February,9,Sunday,1
ORD200514,2023-04-16,C15629,Printer,3,304.15,912.45,WINTER15,0.15,136.87,775.58,912.45,492 Main St,Gift Card,Shipped,TRK64926044,3,Instagram,2023,4,April,16,Sunday,1
ORD200515,2023-03-14,C67561,Phone,3,553.52,1660.56,FREESHIP,0.0,0.0,1660.56,1660.56,160 Main St,Gift Card,Shipped,TRK75900717,4,Facebook,2023,3,March,14,Tuesday,0
ORD200516,2024-04-07,C47022,Monitor,3,166.99,500.97,NO_COUPON,0.0,0.0,500.97,500.97,208 Main St,Cash,Returned,TRK28855040,8,Facebook,2024,4,April,7,Sunday,1
ORD200517,2024-04-09,C55205,Tablet,4,198.35,793.4,FREESHIP,0.0,0.0,793.4,793.4,943 Main St,Cash,Cancelled,TRK88141634,7,Google,2024,4,April,9,Tuesday,0
ORD200518,2025-06-13,C30686,Printer,4,403.58,1614.32,SAVE10,0.1,161.43,1452.89,1614.32,319 Main St,Online,Pending,TRK59807273,9,Referral,2025,6,June,13,Friday,0
ORD200519,2025-05-10,C71797,Laptop,4,464.29,1857.16,SAVE10,0.1,185.72,1671.44,1857.16,941 Main St,Debit Card,Returned,TRK66010667,5,Email,2025,5,May,10,Saturday,1
ORD200520,2023-03-10,C66332,Monitor,3,635.98,1907.94,NO_COUPON,0.0,0.0,1907.94,1907.94,959 Main St,Cash,Returned,TRK27063398,5,Referral,2023,3,March,10,Friday,0
ORD200521,2024-02-25,C82318,Phone,1,528.06,528.06,NO_COUPON,0.0,0.0,528.06,528.06,991 Main St,Credit Card,Shipped,TRK37534165,2,Facebook,2024,2,February,25,Sunday,1
ORD200522,2024-04-20,C66254,Chair,1,515.32,515.32,FREESHIP,0.0,0.0,515.32,515.32,740 Main St,Gift Card,Cancelled,TRK82843861,1,Email,2024,4,April,20,Saturday,1
ORD200523,2025-02-18,C65083,Desk,4,657.79,2631.16,WINTER15,0.15,394.67,2236.49,2631.16,652 Main St,Credit Card,Returned,TRK60937148,6,Google,2025,2,February,18,Tuesday,0
ORD200524,2023-10-25,C44778,Phone,1,153.0,153.0,NO_COUPON,0.0,0.0,153.0,153.0,103 Main St,Credit Card,Returned,TRK92617366,4,Referral,2023,10,October,25,Wednesday,0
ORD200525,2023-12-03,C54499,Monitor,1,668.48,668.48,SAVE10,0.1,66.85,601.63,668.48,160 Main St,Debit Card,Shipped,TRK18061555,1,Email,2023,12,December,3,Sunday,1
ORD200526,2024-02-29,C91201,Desk,2,46.5,93.0,WINTER15,0.15,13.95,79.05,93.0,837 Main St,Cash,Returned,TRK63526023,7,Google,2024,2,February,29,Thursday,0
ORD200527,2024-08-19,C27202,Chair,5,653.47,3267.35,SAVE10,0.1,326.74,2940.61,3267.35,967 Main St,Credit Card,Cancelled,TRK75406128,10,Referral,2024,8,August,19,Monday,0
ORD200528,2025-02-26,C32011,Chair,1,628.89,628.89,SAVE10,0.1,62.89,566.0,628.89,686 Main St,Credit Card,Returned,TRK70997744,2,Referral,2025,2,February,26,Wednesday,0
ORD200529,2024-04-07,C21181,Tablet,2,675.1,1350.2,FREESHIP,0.0,0.0,1350.2,1350.2,938 Main St,Cash,Pending,TRK50363421,4,Google,2024,4,April,7,Sunday,1
ORD200530,2024-07-18,C98450,Chair,4,89.41,357.64,NO_COUPON,0.0,0.0,357.64,357.64,613 Main St,Online,Pending,TRK14809530,9,Google,2024,7,July,18,Thursday,0
ORD200531,2024-07-02,C64502,Desk,5,320.01,1600.05,NO_COUPON,0.0,0.0,1600.05,1600.05,722 Main St,Gift Card,Delivered,TRK14914388,6,Referral,2024,7,July,2,Tuesday,0
ORD200532,2025-05-03,C47365,Laptop,2,41.0,82.0,NO_COUPON,0.0,0.0,82.0,82.0,369 Main St,Online,Delivered,TRK42207882,7,Email,2025,5,May,3,Saturday,1
ORD200533,2023-03-05,C66349,Desk,1,565.85,565.85,FREESHIP,0.0,0.0,565.85,565.85,715 Main St,Gift Card,Returned,TRK63550793,1,Facebook,2023,3,March,5,Sunday,1
ORD200534,2024-06-06,C73289,Chair,3,648.59,1945.77,SAVE10,0.1,194.58,1751.19,1945.77,906 Main St,Debit Card,Cancelled,TRK70872738,4,Email,2024,6,June,6,Thursday,0
ORD200535,2024-07-24,C48649,Monitor,3,68.12,204.36,FREESHIP,0.0,0.0,204.36,204.36,332 Main St,Online,Cancelled,TRK45821445,3,Email,2024,7,July,24,Wednesday,0
ORD200536,2024-06-09,C18724,Chair,1,616.1,616.1,NO_COUPON,0.0,0.0,616.1,616.1,124 Main St,Cash,Returned,TRK52508861,6,Email,2024,6,June,9,Sunday,1
ORD200537,2025-03-23,C68553,Tablet,3,247.47,742.41,SAVE10,0.1,74.24,668.17,742.41,385 Main St,Online,Delivered,TRK58218971,4,Facebook,2025,3,March,23,Sunday,1
ORD200538,2024-05-24,C61280,Phone,3,490.74,1472.22,WINTER15,0.15,220.83,1251.39,1472.22,100 Main St,Cash,Shipped,TRK95487711,3,Email,2024,5,May,24,Friday,0
ORD200539,2025-02-18,C53277,Desk,3,531.72,1595.16,SAVE10,0.1,159.52,1435.64,1595.16,473 Main St,Gift Card,Delivered,TRK17653832,7,Google,2025,2,February,18,Tuesday,0
ORD200540,2024-01-29,C87281,Laptop,5,648.65,3243.25,NO_COUPON,0.0,0.0,3243.25,3243.25,852 Main St,Online,Pending,TRK81765057,7,Referral,2024,1,January,29,Monday,0
ORD200541,2023-08-07,C69009,Printer,5,456.06,2280.3,NO_COUPON,0.0,0.0,2280.3,2280.3,879 Main St,Cash,Pending,TRK61295842,10,Instagram,2023,8,August,7,Monday,0
ORD200542,2023-11-14,C49726,Tablet,1,17.98,17.98,FREESHIP,0.0,0.0,17.98,17.98,934 Main St,Cash,Cancelled,TRK20739460,6,Email,2023,11,November,14,Tuesday,0
ORD200543,2024-03-09,C37531,Desk,5,269.86,1349.3,WINTER15,0.15,202.4,1146.9,1349.3,354 Main St,Cash,Shipped,TRK93877673,6,Facebook,2024,3,March,9,Saturday,1
ORD200544,2024-03-10,C48713,Printer,5,31.96,159.8,FREESHIP,0.0,0.0,159.8,159.8,373 Main St,Credit Card,Returned,TRK96334419,5,Referral,2024,3,March,10,Sunday,1
ORD200545,2023-12-19,C74138,Monitor,2,98.47,196.94,NO_COUPON,0.0,0.0,196.94,196.94,964 Main St,Cash,Returned,TRK74091695,3,Instagram,2023,12,December,19,Tuesday,0
ORD200546,2024-03-01,C82399,Monitor,1,158.68,158.68,WINTER15,0.15,23.8,134.88,158.68,928 Main St,Credit Card,Returned,TRK77177284,6,Instagram,2024,3,March,1,Friday,0
ORD200547,2023-08-20,C40427,Phone,1,613.98,613.98,FREESHIP,0.0,0.0,613.98,613.98,411 Main St,Online,Delivered,TRK25392280,4,Facebook,2023,8,August,20,Sunday,1
ORD200548,2024-01-05,C17103,Printer,3,426.12,1278.36,WINTER15,0.15,191.75,1086.61,1278.36,922 Main St,Online,Delivered,TRK64398650,5,Instagram,2024,1,January,5,Friday,0
ORD200549,2025-02-25,C34266,Monitor,4,629.88,2519.52,WINTER15,0.15,377.93,2141.59,2519.52,550 Main St,Debit Card,Cancelled,TRK56378197,8,Instagram,2025,2,February,25,Tuesday,0
ORD200550,2023-10-29,C97485,Laptop,4,228.91,915.64,FREESHIP,0.0,0.0,915.64,915.64,573 Main St,Cash,Shipped,TRK81794737,4,Google,2023,10,October,29,Sunday,1
ORD200551,2023-05-18,C23947,Laptop,1,120.98,120.98,WINTER15,0.15,18.15,102.83,120.98,353 Main St,Debit Card,Delivered,TRK74812710,6,Email,2023,5,May,18,Thursday,0
ORD200552,2023-09-30,C21665,Chair,4,425.18,1700.72,WINTER15,0.15,255.11,1445.61,1700.72,560 Main St,Online,Returned,TRK29890761,8,Facebook,2023,9,September,30,Saturday,1
ORD200553,2023-08-23,C82550,Phone,2,333.83,667.66,FREESHIP,0.0,0.0,667.66,667.66,828 Main St,Gift Card,Cancelled,TRK74103758,4,Referral,2023,8,August,23,Wednesday,0
ORD200554,2025-05-30,C61943,Laptop,2,492.9,985.8,FREESHIP,0.0,0.0,985.8,985.8,610 Main St,Cash,Returned,TRK66126496,5,Instagram,2025,5,May,30,Friday,0
ORD200555,2023-01-07,C88933,Tablet,1,92.04,92.04,NO_COUPON,0.0,0.0,92.04,92.04,333 Main St,Cash,Shipped,TRK89306964,2,Facebook,2023,1,January,7,Saturday,1
ORD200556,2023-01-28,C30923,Laptop,1,654.27,654.27,SAVE10,0.1,65.43,588.84,654.27,932 Main St,Gift Card,Pending,TRK82609328,2,Facebook,2023,1,January,28,Saturday,1
ORD200557,2023-06-29,C56969,Tablet,1,56.2,56.2,WINTER15,0.15,8.43,47.77,56.2,130 Main St,Debit Card,Pending,TRK40719215,1,Facebook,2023,6,June,29,Thursday,0
ORD200558,2024-07-16,C76766,Phone,4,628.12,2512.48,WINTER15,0.15,376.87,2135.61,2512.48,485 Main St,Online,Delivered,TRK32052962,6,Instagram,2024,7,July,16,Tuesday,0
ORD200559,2024-04-15,C22981,Desk,3,157.4,472.2,WINTER15,0.15,70.83,401.37,472.2,454 Main St,Debit Card,Cancelled,TRK10115285,7,Email,2024,4,April,15,Monday,0
ORD200560,2023-01-31,C33634,Monitor,4,588.85,2355.4,NO_COUPON,0.0,0.0,2355.4,2355.4,524 Main St,Gift Card,Pending,TRK93168008,7,Email,2023,1,January,31,Tuesday,0
ORD200561,2023-01-31,C96822,Printer,2,494.78,989.56,NO_COUPON,0.0,0.0,989.56,989.56,198 Main St,Online,Shipped,TRK89180077,2,Google,2023,1,January,31,Tuesday,0
ORD200562,2023-10-06,C76675,Laptop,3,663.93,1991.79,FREESHIP,0.0,0.0,1991.79,1991.79,922 Main St,Gift Card,Returned,TRK28043915,6,Email,2023,10,October,6,Friday,0
ORD200563,2023-12-12,C12039,Laptop,1,132.68,132.68,SAVE10,0.1,13.27,119.41,132.68,844 Main St,Debit Card,Returned,TRK68645763,1,Referral,2023,12,December,12,Tuesday,0
ORD200564,2025-04-08,C93309,Desk,5,364.28,1821.4,WINTER15,0.15,273.21,1548.19,1821.4,734 Main St,Credit Card,Cancelled,TRK99446987,5,Google,2025,4,April,8,Tuesday,0
ORD200565,2023-05-14,C62042,Tablet,5,307.98,1539.9,NO_COUPON,0.0,0.0,1539.9,1539.9,214 Main St,Online,Pending,TRK42605492,10,Facebook,2023,5,May,14,Sunday,1
ORD200566,2024-04-18,C83223,Phone,4,162.71,650.84,FREESHIP,0.0,0.0,650.84,650.84,167 Main St,Cash,Cancelled,TRK54339083,7,Email,2024,4,April,18,Thursday,0
ORD200567,2024-09-30,C92575,Chair,5,492.94,2464.7,FREESHIP,0.0,0.0,2464.7,2464.7,153 Main St,Cash,Shipped,TRK53579227,10,Email,2024,9,September,30,Monday,0
ORD200568,2023-03-10,C29072,Laptop,2,343.99,687.98,NO_COUPON,0.0,0.0,687.98,687.98,312 Main St,Online,Delivered,TRK72334047,4,Google,2023,3,March,10,Friday,0
ORD200569,2025-03-22,C25783,Desk,5,250.68,1253.4,SAVE10,0.1,125.34,1128.06,1253.4,672 Main St,Cash,Shipped,TRK13289741,8,Instagram,2025,3,March,22,Saturday,1
ORD200570,2024-12-27,C63727,Desk,2,362.14,724.28,SAVE10,0.1,72.43,651.85,724.28,122 Main St,Debit Card,Pending,TRK13611021,2,Instagram,2024,12,December,27,Friday,0
ORD200571,2024-11-23,C42365,Tablet,1,214.08,214.08,WINTER15,0.15,32.11,181.97,214.08,867 Main St,Gift Card,Returned,TRK39563288,2,Google,2024,11,November,23,Saturday,1
ORD200572,2023-11-11,C27438,Printer,1,70.32,70.32,WINTER15,0.15,10.55,59.77,70.32,341 Main St,Cash,Returned,TRK69125497,4,Facebook,2023,11,November,11,Saturday,1
ORD200573,2023-01-25,C13205,Chair,5,421.42,2107.1,NO_COUPON,0.0,0.0,2107.1,2107.1,522 Main St,Debit Card,Cancelled,TRK30686578,7,Instagram,2023,1,January,25,Wednesday,0
ORD200574,2024-01-24,C29685,Chair,5,384.69,1923.45,FREESHIP,0.0,0.0,1923.45,1923.45,275 Main St,Credit Card,Pending,TRK97733212,6,Email,2024,1,January,24,Wednesday,0
ORD200575,2023-06-07,C74005,Chair,5,448.15,2240.75,SAVE10,0.1,224.08,2016.67,2240.75,528 Main St,Gift Card,Returned,TRK61640534,7,Google,2023,6,June,7,Wednesday,0
ORD200576,2024-05-29,C14457,Laptop,5,79.08,395.4,NO_COUPON,0.0,0.0,395.4,395.4,747 Main St,Cash,Pending,TRK42517811,8,Facebook,2024,5,May,29,Wednesday,0
ORD200577,2023-01-22,C77046,Tablet,4,185.41,741.64,WINTER15,0.15,111.25,630.39,741.64,967 Main St,Online,Returned,TRK44401497,9,Google,2023,1,January,22,Sunday,1
ORD200578,2024-10-10,C50415,Monitor,5,566.07,2830.35,SAVE10,0.1,283.04,2547.31,2830.35,587 Main St,Credit Card,Delivered,TRK41345634,6,Instagram,2024,10,October,10,Thursday,0
ORD200579,2023-06-04,C73999,Tablet,2,187.88,375.76,WINTER15,0.15,56.36,319.4,375.76,413 Main St,Online,Shipped,TRK67919507,4,Facebook,2023,6,June,4,Sunday,1
ORD200580,2023-11-14,C71076,Monitor,2,255.99,511.98,SAVE10,0.1,51.2,460.78,511.98,340 Main St,Credit Card,Delivered,TRK65148292,4,Instagram,2023,11,November,14,Tuesday,0
ORD200581,2024-11-11,C44674,Laptop,1,627.34,627.34,NO_COUPON,0.0,0.0,627.34,627.34,942 Main St,Online,Delivered,TRK87158684,1,Referral,2024,11,November,11,Monday,0
ORD200582,2024-02-19,C15228,Tablet,3,474.14,1422.42,WINTER15,0.15,213.36,1209.06,1422.42,558 Main St,Gift Card,Shipped,TRK33860620,8,Google,2024,2,February,19,Monday,0
ORD200583,2025-06-15,C27072,Chair,3,154.37,463.11,NO_COUPON,0.0,0.0,463.11,463.11,996 Main St,Gift Card,Delivered,TRK29750379,4,Instagram,2025,6,June,15,Sunday,1
ORD200584,2025-03-21,C15257,Chair,4,145.05,580.2,SAVE10,0.1,58.02,522.18,580.2,626 Main St,Online,Delivered,TRK28779938,6,Google,2025,3,March,21,Friday,0
ORD200585,2023-08-20,C91486,Tablet,4,67.08,268.32,WINTER15,0.15,40.25,228.07,268.32,907 Main St,Cash,Returned,TRK79617136,8,Google,2023,8,August,20,Sunday,1
ORD200586,2024-11-10,C17389,Monitor,1,522.08,522.08,FREESHIP,0.0,0.0,522.08,522.08,905 Main St,Gift Card,Returned,TRK98857880,5,Referral,2024,11,November,10,Sunday,1
ORD200587,2023-06-12,C18820,Monitor,5,514.6,2573.0,FREESHIP,0.0,0.0,2573.0,2573.0,347 Main St,Gift Card,Delivered,TRK91547425,10,Instagram,2023,6,June,12,Monday,0
ORD200588,2024-12-10,C61849,Monitor,4,577.82,2311.28,NO_COUPON,0.0,0.0,2311.28,2311.28,811 Main St,Credit Card,Delivered,TRK47613918,9,Google,2024,12,December,10,Tuesday,0
ORD200589,2025-02-10,C84041,Laptop,2,500.8,1001.6,FREESHIP,0.0,0.0,1001.6,1001.6,900 Main St,Cash,Delivered,TRK84920444,3,Referral,2025,2,February,10,Monday,0
ORD200590,2023-09-10,C55757,Printer,2,461.13,922.26,NO_COUPON,0.0,0.0,922.26,922.26,175 Main St,Gift Card,Returned,TRK27356242,4,Email,2023,9,September,10,Sunday,1
ORD200591,2024-11-18,C18187,Laptop,1,605.28,605.28,FREESHIP,0.0,0.0,605.28,605.28,470 Main St,Gift Card,Shipped,TRK50528185,3,Referral,2024,11,November,18,Monday,0
ORD200592,2024-04-23,C42306,Phone,3,204.27,612.81,NO_COUPON,0.0,0.0,612.81,612.81,938 Main St,Online,Returned,TRK15499648,4,Google,2024,4,April,23,Tuesday,0
ORD200593,2023-08-02,C51024,Monitor,1,489.8,489.8,FREESHIP,0.0,0.0,489.8,489.8,636 Main St,Gift Card,Shipped,TRK31375086,4,Facebook,2023,8,August,2,Wednesday,0
ORD200594,2024-02-21,C40140,Phone,5,72.64,363.2,NO_COUPON,0.0,0.0,363.2,363.2,598 Main St,Credit Card,Cancelled,TRK12671989,7,Email,2024,2,February,21,Wednesday,0
ORD200595,2025-01-10,C72596,Printer,2,385.16,770.32,SAVE10,0.1,77.03,693.29,770.32,491 Main St,Online,Pending,TRK83870446,7,Email,2025,1,January,10,Friday,0
ORD200596,2023-06-12,C91805,Desk,3,606.41,1819.23,FREESHIP,0.0,0.0,1819.23,1819.23,653 Main St,Debit Card,Returned,TRK34504030,7,Facebook,2023,6,June,12,Monday,0
ORD200597,2024-11-25,C40538,Desk,2,211.82,423.64,WINTER15,0.15,63.55,360.09,423.64,700 Main St,Gift Card,Cancelled,TRK29821356,4,Email,2024,11,November,25,Monday,0
ORD200598,2024-04-26,C60329,Desk,5,495.35,2476.75,NO_COUPON,0.0,0.0,2476.75,2476.75,826 Main St,Credit Card,Pending,TRK59069987,5,Facebook,2024,4,April,26,Friday,0
ORD200599,2023-06-30,C28740,Chair,3,556.99,1670.97,FREESHIP,0.0,0.0,1670.97,1670.97,123 Main St,Online,Cancelled,TRK33642221,4,Facebook,2023,6,June,30,Friday,0
ORD200600,2023-05-26,C87051,Printer,1,72.31,72.31,FREESHIP,0.0,0.0,72.31,72.31,460 Main St,Gift Card,Cancelled,TRK82056333,1,Facebook,2023,5,May,26,Friday,0
ORD200601,2023-10-02,C12479,Monitor,5,24.82,124.1,NO_COUPON,0.0,0.0,124.1,124.1,529 Main St,Credit Card,Shipped,TRK73935314,10,Referral,2023,10,October,2,Monday,0
ORD200602,2024-03-05,C35852,Tablet,4,26.04,104.16,SAVE10,0.1,10.42,93.74,104.16,982 Main St,Online,Pending,TRK64660134,5,Instagram,2024,3,March,5,Tuesday,0
ORD200603,2024-10-04,C26223,Tablet,1,657.07,657.07,SAVE10,0.1,65.71,591.36,657.07,800 Main St,Cash,Pending,TRK50900547,4,Google,2024,10,October,4,Friday,0
ORD200604,2025-06-22,C99214,Chair,3,32.62,97.86,NO_COUPON,0.0,0.0,97.86,97.86,252 Main St,Debit Card,Delivered,TRK81368481,6,Facebook,2025,6,June,22,Sunday,1
ORD200605,2024-05-10,C49605,Monitor,2,228.91,457.82,SAVE10,0.1,45.78,412.04,457.82,892 Main St,Debit Card,Shipped,TRK95620066,4,Referral,2024,5,May,10,Friday,0
ORD200606,2024-11-06,C85018,Laptop,3,274.75,824.25,SAVE10,0.1,82.43,741.82,824.25,783 Main St,Cash,Cancelled,TRK54128886,3,Google,2024,11,November,6,Wednesday,0
ORD200607,2025-05-31,C96434,Printer,4,634.05,2536.2,SAVE10,0.1,253.62,2282.58,2536.2,282 Main St,Cash,Shipped,TRK56730647,6,Google,2025,5,May,31,Saturday,1
ORD200608,2024-07-24,C32956,Laptop,5,543.16,2715.8,SAVE10,0.1,271.58,2444.22,2715.8,788 Main St,Online,Cancelled,TRK73140103,6,Instagram,2024,7,July,24,Wednesday,0
ORD200609,2025-01-27,C41137,Chair,3,449.13,1347.39,WINTER15,0.15,202.11,1145.28,1347.39,809 Main St,Cash,Returned,TRK52732162,5,Referral,2025,1,January,27,Monday,0
ORD200610,2024-06-16,C60361,Desk,5,389.62,1948.1,FREESHIP,0.0,0.0,1948.1,1948.1,623 Main St,Cash,Returned,TRK83566924,7,Facebook,2024,6,June,16,Sunday,1
ORD200611,2023-04-21,C36688,Desk,1,305.17,305.17,WINTER15,0.15,45.78,259.39,305.17,700 Main St,Gift Card,Returned,TRK35720426,3,Referral,2023,4,April,21,Friday,0
ORD200612,2023-06-02,C51811,Chair,3,445.12,1335.36,NO_COUPON,0.0,0.0,1335.36,1335.36,339 Main St,Gift Card,Cancelled,TRK82377939,8,Google,2023,6,June,2,Friday,0
ORD200613,2024-12-19,C62405,Laptop,2,230.36,460.72,WINTER15,0.15,69.11,391.61,460.72,154 Main St,Online,Returned,TRK14721763,4,Email,2024,12,December,19,Thursday,0
ORD200614,2024-03-08,C77363,Phone,1,96.81,96.81,NO_COUPON,0.0,0.0,96.81,96.81,807 Main St,Gift Card,Cancelled,TRK12439827,3,Referral,2024,3,March,8,Friday,0
ORD200615,2025-03-07,C97218,Monitor,5,460.14,2300.7,WINTER15,0.15,345.1,1955.6,2300.7,252 Main St,Credit Card,Returned,TRK52632065,10,Facebook,2025,3,March,7,Friday,0
ORD200616,2024-10-17,C43919,Tablet,3,601.6,1804.8,SAVE10,0.1,180.48,1624.32,1804.8,984 Main St,Credit Card,Cancelled,TRK73113192,7,Facebook,2024,10,October,17,Thursday,0
ORD200617,2024-02-08,C57093,Tablet,3,184.47,553.41,NO_COUPON,0.0,0.0,553.41,553.41,834 Main St,Online,Cancelled,TRK75469057,4,Referral,2024,2,February,8,Thursday,0
ORD200618,2024-09-03,C50565,Tablet,1,411.34,411.34,NO_COUPON,0.0,0.0,411.34,411.34,399 Main St,Debit Card,Returned,TRK97981418,5,Instagram,2024,9,September,3,Tuesday,0
ORD200619,2024-07-16,C38845,Laptop,1,532.89,532.89,NO_COUPON,0.0,0.0,532.89,532.89,764 Main St,Gift Card,Pending,TRK47637374,2,Referral,2024,7,July,16,Tuesday,0
ORD200620,2024-03-27,C84834,Tablet,3,136.34,409.02,SAVE10,0.1,40.9,368.12,409.02,866 Main St,Debit Card,Returned,TRK90136001,8,Referral,2024,3,March,27,Wednesday,0
ORD200621,2023-10-22,C37455,Phone,5,476.01,2380.05,WINTER15,0.15,357.01,2023.04,2380.05,146 Main St,Credit Card,Delivered,TRK82685594,7,Google,2023,10,October,22,Sunday,1
ORD200622,2024-11-02,C27078,Desk,5,236.38,1181.9,NO_COUPON,0.0,0.0,1181.9,1181.9,128 Main St,Credit Card,Returned,TRK89314307,7,Facebook,2024,11,November,2,Saturday,1
ORD200623,2023-06-16,C91941,Printer,3,396.0,1188.0,FREESHIP,0.0,0.0,1188.0,1188.0,269 Main St,Gift Card,Cancelled,TRK21330732,4,Instagram,2023,6,June,16,Friday,0
ORD200624,2024-01-16,C25967,Tablet,5,341.96,1709.8,NO_COUPON,0.0,0.0,1709.8,1709.8,747 Main St,Debit Card,Delivered,TRK88559278,6,Email,2024,1,January,16,Tuesday,0
ORD200625,2023-09-24,C22123,Tablet,1,672.89,672.89,WINTER15,0.15,100.93,571.96,672.89,519 Main St,Credit Card,Pending,TRK43250279,1,Email,2023,9,September,24,Sunday,1
ORD200626,2024-03-01,C45671,Tablet,2,657.48,1314.96,SAVE10,0.1,131.5,1183.46,1314.96,769 Main St,Online,Shipped,TRK18179773,5,Referral,2024,3,March,1,Friday,0
ORD200627,2023-08-06,C53334,Chair,3,498.68,1496.04,FREESHIP,0.0,0.0,1496.04,1496.04,879 Main St,Online,Returned,TRK31724421,4,Email,2023,8,August,6,Sunday,1
ORD200628,2023-03-26,C18717,Printer,5,558.63,2793.15,FREESHIP,0.0,0.0,2793.15,2793.15,861 Main St,Cash,Pending,TRK58568806,8,Referral,2023,3,March,26,Sunday,1
ORD200629,2023-07-07,C50137,Phone,3,19.73,59.19,NO_COUPON,0.0,0.0,59.19,59.19,840 Main St,Online,Pending,TRK91836131,3,Referral,2023,7,July,7,Friday,0
ORD200630,2023-06-23,C51481,Monitor,5,248.84,1244.2,NO_COUPON,0.0,0.0,1244.2,1244.2,140 Main St,Debit Card,Cancelled,TRK33437701,10,Instagram,2023,6,June,23,Friday,0
ORD200631,2024-08-31,C99128,Chair,3,46.11,138.33,WINTER15,0.15,20.75,117.58,138.33,360 Main St,Gift Card,Returned,TRK32426808,5,Referral,2024,8,August,31,Saturday,1
ORD200632,2023-05-02,C67260,Laptop,5,678.16,3390.8,WINTER15,0.15,508.62,2882.18,3390.8,463 Main St,Gift Card,Delivered,TRK38229104,7,Facebook,2023,5,May,2,Tuesday,0
ORD200633,2024-04-10,C79533,Laptop,5,601.72,3008.6,WINTER15,0.15,451.29,2557.31,3008.6,921 Main St,Gift Card,Cancelled,TRK54711422,5,Instagram,2024,4,April,10,Wednesday,0
ORD200634,2024-04-25,C66906,Printer,2,259.32,518.64,WINTER15,0.15,77.8,440.84,518.64,117 Main St,Gift Card,Delivered,TRK31633755,2,Referral,2024,4,April,25,Thursday,0
ORD200635,2023-12-13,C12818,Chair,3,63.68,191.04,NO_COUPON,0.0,0.0,191.04,191.04,434 Main St,Cash,Returned,TRK40879983,6,Facebook,2023,12,December,13,Wednesday,0
ORD200636,2023-10-05,C60384,Laptop,4,371.07,1484.28,WINTER15,0.15,222.64,1261.64,1484.28,336 Main St,Cash,Cancelled,TRK92080037,7,Facebook,2023,10,October,5,Thursday,0
ORD200637,2024-09-29,C92294,Chair,4,306.35,1225.4,WINTER15,0.15,183.81,1041.59,1225.4,784 Main St,Gift Card,Shipped,TRK23585765,7,Referral,2024,9,September,29,Sunday,1
ORD200638,2023-10-15,C66840,Tablet,4,578.27,2313.08,WINTER15,0.15,346.96,1966.12,2313.08,547 Main St,Online,Delivered,TRK76929637,9,Email,2023,10,October,15,Sunday,1
ORD200639,2023-01-20,C22534,Chair,1,529.19,529.19,NO_COUPON,0.0,0.0,529.19,529.19,391 Main St,Cash,Cancelled,TRK17415798,5,Referral,2023,1,January,20,Friday,0
ORD200640,2024-02-27,C46509,Chair,2,587.49,1174.98,SAVE10,0.1,117.5,1057.48,1174.98,647 Main St,Gift Card,Returned,TRK24241664,6,Referral,2024,2,February,27,Tuesday,0
ORD200641,2024-06-30,C71680,Printer,4,567.57,2270.28,WINTER15,0.15,340.54,1929.74,2270.28,814 Main St,Debit Card,Pending,TRK47386650,9,Google,2024,6,June,30,Sunday,1
ORD200642,2024-04-29,C15063,Chair,5,85.22,426.1,FREESHIP,0.0,0.0,426.1,426.1,527 Main St,Credit Card,Cancelled,TRK10329390,7,Email,2024,4,April,29,Monday,0
ORD200643,2024-08-26,C77122,Laptop,1,438.37,438.37,SAVE10,0.1,43.84,394.53,438.37,647 Main St,Cash,Cancelled,TRK75814880,4,Referral,2024,8,August,26,Monday,0
ORD200644,2023-11-15,C86524,Chair,2,366.23,732.46,WINTER15,0.15,109.87,622.59,732.46,961 Main St,Cash,Shipped,TRK62490506,2,Email,2023,11,November,15,Wednesday,0
ORD200645,2023-01-02,C82990,Laptop,2,150.05,300.1,SAVE10,0.1,30.01,270.09,300.1,727 Main St,Credit Card,Cancelled,TRK68574801,4,Facebook,2023,1,January,2,Monday,0
ORD200646,2023-10-27,C98761,Chair,4,498.51,1994.04,SAVE10,0.1,199.4,1794.64,1994.04,804 Main St,Debit Card,Shipped,TRK43262630,4,Google,2023,10,October,27,Friday,0
ORD200647,2025-04-24,C54409,Desk,3,339.39,1018.17,FREESHIP,0.0,0.0,1018.17,1018.17,667 Main St,Cash,Returned,TRK67671316,7,Google,2025,4,April,24,Thursday,0
ORD200648,2025-01-18,C89674,Monitor,2,575.83,1151.66,WINTER15,0.15,172.75,978.91,1151.66,182 Main St,Online,Delivered,TRK45902512,3,Referral,2025,1,January,18,Saturday,1
ORD200649,2023-12-23,C45899,Monitor,2,642.98,1285.96,FREESHIP,0.0,0.0,1285.96,1285.96,153 Main St,Debit Card,Returned,TRK32932093,7,Email,2023,12,December,23,Saturday,1
ORD200650,2023-05-18,C74499,Desk,2,372.23,744.46,SAVE10,0.1,74.45,670.01,744.46,518 Main St,Gift Card,Delivered,TRK93767278,7,Email,2023,5,May,18,Thursday,0
ORD200651,2024-11-12,C81192,Chair,3,646.34,1939.02,NO_COUPON,0.0,0.0,1939.02,1939.02,429 Main St,Debit Card,Pending,TRK76931118,5,Google,2024,11,November,12,Tuesday,0
ORD200652,2024-06-05,C71473,Chair,5,341.84,1709.2,FREESHIP,0.0,0.0,1709.2,1709.2,328 Main St,Online,Shipped,TRK94857335,8,Instagram,2024,6,June,5,Wednesday,0
ORD200653,2024-02-25,C59338,Printer,3,690.3,2070.9,WINTER15,0.15,310.64,1760.26,2070.9,747 Main St,Credit Card,Shipped,TRK12902764,6,Google,2024,2,February,25,Sunday,1
ORD200654,2023-06-12,C62661,Tablet,3,382.37,1147.11,NO_COUPON,0.0,0.0,1147.11,1147.11,863 Main St,Debit Card,Returned,TRK25748100,8,Instagram,2023,6,June,12,Monday,0
ORD200655,2023-03-14,C22101,Chair,2,132.6,265.2,WINTER15,0.15,39.78,225.42,265.2,262 Main St,Debit Card,Cancelled,TRK70711522,4,Email,2023,3,March,14,Tuesday,0
ORD200656,2024-01-18,C51404,Monitor,2,189.06,378.12,SAVE10,0.1,37.81,340.31,378.12,835 Main St,Gift Card,Shipped,TRK85682500,7,Facebook,2024,1,January,18,Thursday,0
ORD200657,2023-12-24,C19384,Tablet,4,87.79,351.16,FREESHIP,0.0,0.0,351.16,351.16,532 Main St,Cash,Cancelled,TRK33207064,6,Instagram,2023,12,December,24,Sunday,1
ORD200658,2025-04-18,C86864,Printer,2,46.36,92.72,SAVE10,0.1,9.27,83.45,92.72,670 Main St,Gift Card,Returned,TRK15323191,4,Google,2025,4,April,18,Friday,0
ORD200659,2024-10-26,C24301,Phone,2,642.04,1284.08,WINTER15,0.15,192.61,1091.47,1284.08,964 Main St,Gift Card,Delivered,TRK55000075,4,Email,2024,10,October,26,Saturday,1
ORD200660,2024-10-19,C43842,Chair,2,651.57,1303.14,WINTER15,0.15,195.47,1107.67,1303.14,933 Main St,Debit Card,Shipped,TRK54084424,7,Facebook,2024,10,October,19,Saturday,1
ORD200661,2025-02-28,C63657,Tablet,3,424.89,1274.67,FREESHIP,0.0,0.0,1274.67,1274.67,116 Main St,Debit Card,Cancelled,TRK86378984,6,Google,2025,2,February,28,Friday,0
ORD200662,2023-01-28,C98332,Laptop,3,438.89,1316.67,NO_COUPON,0.0,0.0,1316.67,1316.67,985 Main St,Cash,Returned,TRK85744797,3,Facebook,2023,1,January,28,Saturday,1
ORD200663,2024-04-15,C59774,Monitor,1,72.6,72.6,FREESHIP,0.0,0.0,72.6,72.6,941 Main St,Debit Card,Cancelled,TRK87635135,6,Instagram,2024,4,April,15,Monday,0
ORD200664,2024-12-19,C14847,Laptop,4,194.75,779.0,NO_COUPON,0.0,0.0,779.0,779.0,188 Main St,Cash,Shipped,TRK46492755,5,Facebook,2024,12,December,19,Thursday,0
ORD200665,2023-05-02,C83653,Tablet,4,231.26,925.04,WINTER15,0.15,138.76,786.28,925.04,253 Main St,Online,Shipped,TRK32619935,6,Google,2023,5,May,2,Tuesday,0
ORD200666,2024-08-31,C35711,Monitor,4,327.12,1308.48,NO_COUPON,0.0,0.0,1308.48,1308.48,788 Main St,Credit Card,Cancelled,TRK45281495,4,Email,2024,8,August,31,Saturday,1
ORD200667,2023-05-03,C10477,Laptop,1,466.42,466.42,SAVE10,0.1,46.64,419.78,466.42,172 Main St,Gift Card,Pending,TRK41505339,5,Email,2023,5,May,3,Wednesday,0
ORD200668,2024-07-05,C61257,Monitor,2,253.67,507.34,WINTER15,0.15,76.1,431.24,507.34,981 Main St,Cash,Returned,TRK25226070,3,Facebook,2024,7,July,5,Friday,0
ORD200669,2023-02-05,C60547,Desk,1,257.0,257.0,NO_COUPON,0.0,0.0,257.0,257.0,812 Main St,Debit Card,Cancelled,TRK65694249,5,Referral,2023,2,February,5,Sunday,1
ORD200670,2024-04-18,C14576,Desk,4,539.2,2156.8,FREESHIP,0.0,0.0,2156.8,2156.8,747 Main St,Credit Card,Pending,TRK21637540,8,Google,2024,4,April,18,Thursday,0
ORD200671,2023-06-15,C49282,Chair,5,50.74,253.7,WINTER15,0.15,38.06,215.64,253.7,737 Main St,Gift Card,Cancelled,TRK88653901,7,Google,2023,6,June,15,Thursday,0
ORD200672,2023-05-09,C14017,Phone,2,624.16,1248.32,SAVE10,0.1,124.83,1123.49,1248.32,984 Main St,Debit Card,Shipped,TRK71009446,2,Instagram,2023,5,May,9,Tuesday,0
ORD200673,2023-02-21,C46504,Tablet,2,372.92,745.84,SAVE10,0.1,74.58,671.26,745.84,131 Main St,Credit Card,Delivered,TRK95024356,7,Email,2023,2,February,21,Tuesday,0
ORD200674,2024-01-09,C56928,Laptop,4,358.75,1435.0,SAVE10,0.1,143.5,1291.5,1435.0,860 Main St,Gift Card,Delivered,TRK57792939,9,Facebook,2024,1,January,9,Tuesday,0
ORD200675,2024-08-06,C97749,Desk,3,342.02,1026.06,NO_COUPON,0.0,0.0,1026.06,1026.06,906 Main St,Debit Card,Pending,TRK90233116,5,Email,2024,8,August,6,Tuesday,0
ORD200676,2025-06-23,C90431,Laptop,2,422.34,844.68,FREESHIP,0.0,0.0,844.68,844.68,985 Main St,Credit Card,Cancelled,TRK44151723,4,Instagram,2025,6,June,23,Monday,0
ORD200677,2025-04-03,C56722,Tablet,5,22.07,110.35,FREESHIP,0.0,0.0,110.35,110.35,179 Main St,Online,Cancelled,TRK78778569,7,Instagram,2025,4,April,3,Thursday,0
ORD200678,2024-11-24,C40863,Chair,3,163.13,489.39,WINTER15,0.15,73.41,415.98,489.39,457 Main St,Gift Card,Shipped,TRK20553345,5,Facebook,2024,11,November,24,Sunday,1
ORD200679,2023-02-02,C40798,Tablet,3,360.66,1081.98,FREESHIP,0.0,0.0,1081.98,1081.98,304 Main St,Online,Returned,TRK66106697,5,Instagram,2023,2,February,2,Thursday,0
ORD200680,2023-08-27,C16702,Monitor,3,463.39,1390.17,NO_COUPON,0.0,0.0,1390.17,1390.17,694 Main St,Credit Card,Returned,TRK16953491,3,Facebook,2023,8,August,27,Sunday,1
ORD200681,2024-01-30,C38262,Tablet,1,155.27,155.27,NO_COUPON,0.0,0.0,155.27,155.27,548 Main St,Debit Card,Shipped,TRK47300502,6,Email,2024,1,January,30,Tuesday,0
ORD200682,2023-07-23,C50274,Monitor,3,509.42,1528.26,FREESHIP,0.0,0.0,1528.26,1528.26,449 Main St,Credit Card,Cancelled,TRK91729086,5,Google,2023,7,July,23,Sunday,1
ORD200683,2025-05-18,C91591,Desk,4,652.48,2609.92,FREESHIP,0.0,0.0,2609.92,2609.92,887 Main St,Cash,Pending,TRK23554043,5,Instagram,2025,5,May,18,Sunday,1
ORD200684,2024-09-22,C96583,Printer,4,34.84,139.36,NO_COUPON,0.0,0.0,139.36,139.36,288 Main St,Credit Card,Shipped,TRK64353241,8,Email,2024,9,September,22,Sunday,1
ORD200685,2025-02-07,C64579,Desk,1,234.37,234.37,FREESHIP,0.0,0.0,234.37,234.37,638 Main St,Debit Card,Shipped,TRK10276565,5,Email,2025,2,February,7,Friday,0
ORD200686,2023-10-09,C41903,Desk,3,53.6,160.8,WINTER15,0.15,24.12,136.68,160.8,525 Main St,Cash,Pending,TRK59112382,4,Facebook,2023,10,October,9,Monday,0
ORD200687,2023-09-13,C19742,Tablet,1,332.09,332.09,FREESHIP,0.0,0.0,332.09,332.09,408 Main St,Gift Card,Returned,TRK68845230,5,Instagram,2023,9,September,13,Wednesday,0
ORD200688,2024-03-06,C20077,Monitor,4,593.22,2372.88,WINTER15,0.15,355.93,2016.95,2372.88,154 Main St,Credit Card,Cancelled,TRK36415742,8,Facebook,2024,3,March,6,Wednesday,0
ORD200689,2023-08-29,C13186,Tablet,2,444.84,889.68,NO_COUPON,0.0,0.0,889.68,889.68,787 Main St,Online,Shipped,TRK56967415,7,Facebook,2023,8,August,29,Tuesday,0
ORD200690,2024-07-12,C29318,Monitor,1,24.48,24.48,NO_COUPON,0.0,0.0,24.48,24.48,128 Main St,Gift Card,Returned,TRK88666721,1,Instagram,2024,7,July,12,Friday,0
ORD200691,2024-11-24,C36137,Laptop,3,239.08,717.24,NO_COUPON,0.0,0.0,717.24,717.24,396 Main St,Cash,Shipped,TRK57376416,8,Google,2024,11,November,24,Sunday,1
ORD200692,2023-01-23,C25534,Desk,5,196.84,984.2,WINTER15,0.15,147.63,836.57,984.2,319 Main St,Credit Card,Delivered,TRK68347402,5,Instagram,2023,1,January,23,Monday,0
ORD200693,2025-03-12,C62070,Monitor,1,176.58,176.58,NO_COUPON,0.0,0.0,176.58,176.58,674 Main St,Debit Card,Returned,TRK10267127,4,Referral,2025,3,March,12,Wednesday,0
ORD200694,2023-10-02,C92049,Printer,4,666.52,2666.08,FREESHIP,0.0,0.0,2666.08,2666.08,619 Main St,Cash,Shipped,TRK32287092,8,Email,2023,10,October,2,Monday,0
ORD200695,2024-11-23,C52604,Printer,5,101.3,506.5,FREESHIP,0.0,0.0,506.5,506.5,553 Main St,Online,Shipped,TRK48839788,7,Email,2024,11,November,23,Saturday,1
ORD200696,2023-07-02,C22429,Chair,4,151.2,604.8,WINTER15,0.15,90.72,514.08,604.8,965 Main St,Gift Card,Pending,TRK38572927,9,Facebook,2023,7,July,2,Sunday,1
ORD200697,2025-02-04,C27430,Printer,5,94.85,474.25,WINTER15,0.15,71.14,403.11,474.25,788 Main St,Cash,Shipped,TRK45025840,6,Email,2025,2,February,4,Tuesday,0
ORD200698,2023-01-04,C44366,Laptop,2,388.22,776.44,WINTER15,0.15,116.47,659.97,776.44,169 Main St,Cash,Delivered,TRK48658394,2,Instagram,2023,1,January,4,Wednesday,0
ORD200699,2023-11-13,C36813,Laptop,3,614.15,1842.45,NO_COUPON,0.0,0.0,1842.45,1842.45,897 Main St,Gift Card,Cancelled,TRK84088900,3,Facebook,2023,11,November,13,Monday,0
ORD200700,2024-09-25,C40201,Laptop,2,92.91,185.82,WINTER15,0.15,27.87,157.95,185.82,555 Main St,Cash,Returned,TRK30198779,3,Instagram,2024,9,September,25,Wednesday,0
ORD200701,2024-06-23,C75456,Monitor,3,92.22,276.66,FREESHIP,0.0,0.0,276.66,276.66,115 Main St,Credit Card,Delivered,TRK90519490,5,Email,2024,6,June,23,Sunday,1
ORD200702,2024-06-09,C33315,Printer,3,562.55,1687.65,NO_COUPON,0.0,0.0,1687.65,1687.65,154 Main St,Debit Card,Returned,TRK43589369,6,Email,2024,6,June,9,Sunday,1
ORD200703,2023-03-22,C89336,Desk,1,92.79,92.79,WINTER15,0.15,13.92,78.87,92.79,799 Main St,Cash,Pending,TRK47665103,3,Email,2023,3,March,22,Wednesday,0
ORD200704,2023-06-03,C96034,Desk,4,30.27,121.08,FREESHIP,0.0,0.0,121.08,121.08,819 Main St,Online,Delivered,TRK87261034,9,Google,2023,6,June,3,Saturday,1
ORD200705,2025-03-30,C50114,Monitor,2,49.08,98.16,FREESHIP,0.0,0.0,98.16,98.16,420 Main St,Debit Card,Returned,TRK20214786,7,Instagram,2025,3,March,30,Sunday,1
ORD200706,2025-03-02,C85330,Desk,5,228.09,1140.45,FREESHIP,0.0,0.0,1140.45,1140.45,969 Main St,Gift Card,Returned,TRK97693301,9,Facebook,2025,3,March,2,Sunday,1
ORD200707,2024-11-01,C31761,Chair,4,650.04,2600.16,SAVE10,0.1,260.02,2340.14,2600.16,989 Main St,Gift Card,Cancelled,TRK17628852,6,Facebook,2024,11,November,1,Friday,0
ORD200708,2025-03-04,C25268,Printer,1,665.11,665.11,FREESHIP,0.0,0.0,665.11,665.11,788 Main St,Cash,Pending,TRK20481215,3,Instagram,2025,3,March,4,Tuesday,0
ORD200709,2024-12-07,C17132,Desk,1,386.03,386.03,FREESHIP,0.0,0.0,386.03,386.03,855 Main St,Online,Pending,TRK37504692,4,Google,2024,12,December,7,Saturday,1
ORD200710,2024-07-22,C48790,Laptop,5,21.54,107.7,NO_COUPON,0.0,0.0,107.7,107.7,113 Main St,Gift Card,Returned,TRK19086608,10,Google,2024,7,July,22,Monday,0
ORD200711,2024-07-04,C61070,Tablet,2,475.78,951.56,WINTER15,0.15,142.73,808.83,951.56,632 Main St,Online,Shipped,TRK90764894,2,Google,2024,7,July,4,Thursday,0
ORD200712,2024-01-09,C56969,Tablet,2,68.4,136.8,FREESHIP,0.0,0.0,136.8,136.8,993 Main St,Gift Card,Pending,TRK10513339,7,Email,2024,1,January,9,Tuesday,0
ORD200713,2025-06-21,C65056,Tablet,4,532.49,2129.96,SAVE10,0.1,213.0,1916.96,2129.96,638 Main St,Online,Cancelled,TRK31705278,6,Facebook,2025,6,June,21,Saturday,1
ORD200714,2023-04-21,C84888,Laptop,1,51.73,51.73,FREESHIP,0.0,0.0,51.73,51.73,278 Main St,Debit Card,Pending,TRK23612847,1,Facebook,2023,4,April,21,Friday,0
ORD200715,2024-07-26,C68266,Printer,3,653.63,1960.89,FREESHIP,0.0,0.0,1960.89,1960.89,281 Main St,Online,Delivered,TRK96161062,7,Email,2024,7,July,26,Friday,0
ORD200716,2024-06-13,C84115,Chair,3,454.29,1362.87,WINTER15,0.15,204.43,1158.44,1362.87,891 Main St,Credit Card,Pending,TRK25466842,4,Google,2024,6,June,13,Thursday,0
ORD200717,2023-10-16,C50087,Chair,3,122.11,366.33,WINTER15,0.15,54.95,311.38,366.33,707 Main St,Online,Delivered,TRK31143760,4,Email,2023,10,October,16,Monday,0
ORD200718,2023-04-08,C16790,Laptop,4,64.74,258.96,SAVE10,0.1,25.9,233.06,258.96,718 Main St,Gift Card,Cancelled,TRK91791367,8,Google,2023,4,April,8,Saturday,1
ORD200719,2024-01-21,C46920,Laptop,2,681.06,1362.12,FREESHIP,0.0,0.0,1362.12,1362.12,703 Main St,Debit Card,Shipped,TRK86403837,3,Facebook,2024,1,January,21,Sunday,1
ORD200720,2023-09-21,C12740,Desk,5,128.95,644.75,FREESHIP,0.0,0.0,644.75,644.75,305 Main St,Cash,Pending,TRK98506513,10,Instagram,2023,9,September,21,Thursday,0
ORD200721,2024-03-18,C46557,Desk,2,118.59,237.18,NO_COUPON,0.0,0.0,237.18,237.18,890 Main St,Credit Card,Delivered,TRK56110689,2,Email,2024,3,March,18,Monday,0
ORD200722,2024-11-15,C58156,Printer,1,95.1,95.1,WINTER15,0.15,14.26,80.84,95.1,516 Main St,Gift Card,Pending,TRK49719458,1,Instagram,2024,11,November,15,Friday,0
ORD200723,2023-12-09,C14455,Desk,3,54.95,164.85,SAVE10,0.1,16.48,148.37,164.85,385 Main St,Cash,Returned,TRK50933724,8,Referral,2023,12,December,9,Saturday,1
ORD200724,2024-10-18,C63150,Printer,3,136.97,410.91,FREESHIP,0.0,0.0,410.91,410.91,326 Main St,Credit Card,Returned,TRK19348078,4,Referral,2024,10,October,18,Friday,0
ORD200725,2023-03-12,C95269,Chair,2,194.85,389.7,NO_COUPON,0.0,0.0,389.7,389.7,372 Main St,Gift Card,Returned,TRK45670926,5,Referral,2023,3,March,12,Sunday,1
ORD200726,2024-10-25,C18105,Laptop,4,583.02,2332.08,FREESHIP,0.0,0.0,2332.08,2332.08,338 Main St,Online,Delivered,TRK94006117,4,Facebook,2024,10,October,25,Friday,0
ORD200727,2024-09-29,C29063,Chair,5,95.75,478.75,SAVE10,0.1,47.88,430.87,478.75,379 Main St,Online,Shipped,TRK92745947,8,Instagram,2024,9,September,29,Sunday,1
ORD200728,2024-07-29,C10154,Desk,4,325.76,1303.04,WINTER15,0.15,195.46,1107.58,1303.04,827 Main St,Gift Card,Shipped,TRK79793300,8,Email,2024,7,July,29,Monday,0
ORD200729,2023-09-08,C36997,Phone,4,186.41,745.64,SAVE10,0.1,74.56,671.08,745.64,819 Main St,Gift Card,Pending,TRK92794872,6,Google,2023,9,September,8,Friday,0
ORD200730,2025-02-22,C77357,Phone,1,474.6,474.6,SAVE10,0.1,47.46,427.14,474.6,407 Main St,Debit Card,Delivered,TRK91943923,4,Email,2025,2,February,22,Saturday,1
ORD200731,2024-06-07,C71310,Printer,5,584.46,2922.3,NO_COUPON,0.0,0.0,2922.3,2922.3,308 Main St,Credit Card,Returned,TRK48292586,8,Email,2024,6,June,7,Friday,0
ORD200732,2025-03-07,C80987,Laptop,1,132.05,132.05,NO_COUPON,0.0,0.0,132.05,132.05,787 Main St,Online,Delivered,TRK42187776,2,Google,2025,3,March,7,Friday,0
ORD200733,2023-12-04,C90757,Tablet,4,494.84,1979.36,SAVE10,0.1,197.94,1781.42,1979.36,694 Main St,Cash,Returned,TRK87991608,8,Email,2023,12,December,4,Monday,0
ORD200734,2024-01-23,C51898,Printer,4,224.61,898.44,WINTER15,0.15,134.77,763.67,898.44,630 Main St,Credit Card,Returned,TRK19767885,6,Facebook,2024,1,January,23,Tuesday,0
ORD200735,2024-06-28,C94508,Monitor,4,44.07,176.28,NO_COUPON,0.0,0.0,176.28,176.28,359 Main St,Debit Card,Pending,TRK13443264,6,Email,2024,6,June,28,Friday,0
ORD200736,2024-02-09,C59441,Monitor,5,418.53,2092.65,FREESHIP,0.0,0.0,2092.65,2092.65,696 Main St,Credit Card,Pending,TRK66186874,6,Google,2024,2,February,9,Friday,0
ORD200737,2024-01-03,C91029,Phone,4,532.87,2131.48,FREESHIP,0.0,0.0,2131.48,2131.48,972 Main St,Cash,Pending,TRK25501930,9,Instagram,2024,1,January,3,Wednesday,0
ORD200738,2025-06-04,C96261,Phone,2,485.37,970.74,SAVE10,0.1,97.07,873.67,970.74,264 Main St,Credit Card,Shipped,TRK44998396,5,Email,2025,6,June,4,Wednesday,0
ORD200739,2024-06-13,C35123,Phone,4,386.73,1546.92,SAVE10,0.1,154.69,1392.23,1546.92,513 Main St,Cash,Delivered,TRK58979275,4,Facebook,2024,6,June,13,Thursday,0
ORD200740,2024-07-20,C10892,Desk,2,377.47,754.94,NO_COUPON,0.0,0.0,754.94,754.94,433 Main St,Cash,Pending,TRK76154554,7,Google,2024,7,July,20,Saturday,1
ORD200741,2025-01-23,C99683,Monitor,5,332.64,1663.2,NO_COUPON,0.0,0.0,1663.2,1663.2,945 Main St,Gift Card,Delivered,TRK87305883,10,Referral,2025,1,January,23,Thursday,0
ORD200742,2024-11-30,C41974,Laptop,3,699.93,2099.79,SAVE10,0.1,209.98,1889.81,2099.79,726 Main St,Cash,Returned,TRK48051468,7,Google,2024,11,November,30,Saturday,1
ORD200743,2024-09-30,C23978,Monitor,1,576.35,576.35,WINTER15,0.15,86.45,489.9,576.35,549 Main St,Gift Card,Returned,TRK87090813,1,Instagram,2024,9,September,30,Monday,0
ORD200744,2024-06-12,C10642,Tablet,2,461.37,922.74,SAVE10,0.1,92.27,830.47,922.74,200 Main St,Cash,Delivered,TRK98725693,5,Google,2024,6,June,12,Wednesday,0
ORD200745,2023-03-02,C73813,Printer,4,111.3,445.2,FREESHIP,0.0,0.0,445.2,445.2,364 Main St,Debit Card,Pending,TRK89906749,7,Email,2023,3,March,2,Thursday,0
ORD200746,2025-02-24,C32183,Desk,3,661.89,1985.67,WINTER15,0.15,297.85,1687.82,1985.67,551 Main St,Online,Cancelled,TRK76287027,6,Referral,2025,2,February,24,Monday,0
ORD200747,2025-03-12,C54277,Tablet,2,259.58,519.16,FREESHIP,0.0,0.0,519.16,519.16,940 Main St,Debit Card,Delivered,TRK26500181,7,Instagram,2025,3,March,12,Wednesday,0
ORD200748,2024-07-15,C56553,Tablet,3,70.81,212.43,FREESHIP,0.0,0.0,212.43,212.43,249 Main St,Credit Card,Shipped,TRK37667360,8,Referral,2024,7,July,15,Monday,0
ORD200749,2025-04-13,C17551,Laptop,1,518.39,518.39,FREESHIP,0.0,0.0,518.39,518.39,997 Main St,Debit Card,Pending,TRK88797170,4,Instagram,2025,4,April,13,Sunday,1
ORD200750,2023-01-14,C14737,Tablet,4,145.41,581.64,FREESHIP,0.0,0.0,581.64,581.64,637 Main St,Credit Card,Returned,TRK10295115,7,Email,2023,1,January,14,Saturday,1
ORD200751,2023-01-24,C35168,Tablet,2,599.86,1199.72,FREESHIP,0.0,0.0,1199.72,1199.72,455 Main St,Gift Card,Pending,TRK76960854,7,Facebook,2023,1,January,24,Tuesday,0
ORD200752,2024-10-03,C82217,Phone,4,429.37,1717.48,FREESHIP,0.0,0.0,1717.48,1717.48,299 Main St,Credit Card,Delivered,TRK33305694,8,Google,2024,10,October,3,Thursday,0
ORD200753,2024-04-24,C42270,Phone,2,241.49,482.98,FREESHIP,0.0,0.0,482.98,482.98,864 Main St,Debit Card,Returned,TRK72697796,7,Instagram,2024,4,April,24,Wednesday,0
ORD200754,2025-05-31,C48846,Printer,2,452.05,904.1,WINTER15,0.15,135.62,768.48,904.1,983 Main St,Credit Card,Returned,TRK52804097,3,Email,2025,5,May,31,Saturday,1
ORD200755,2023-06-13,C54160,Desk,3,336.71,1010.13,NO_COUPON,0.0,0.0,1010.13,1010.13,658 Main St,Credit Card,Pending,TRK60515972,4,Email,2023,6,June,13,Tuesday,0
ORD200756,2024-06-27,C14080,Phone,1,283.69,283.69,NO_COUPON,0.0,0.0,283.69,283.69,202 Main St,Gift Card,Shipped,TRK93163682,6,Google,2024,6,June,27,Thursday,0
ORD200757,2024-02-22,C81074,Desk,1,157.72,157.72,FREESHIP,0.0,0.0,157.72,157.72,597 Main St,Debit Card,Delivered,TRK91105190,2,Google,2024,2,February,22,Thursday,0
ORD200758,2023-03-26,C69021,Tablet,3,624.84,1874.52,WINTER15,0.15,281.18,1593.34,1874.52,917 Main St,Credit Card,Cancelled,TRK57148510,8,Facebook,2023,3,March,26,Sunday,1
ORD200759,2023-07-24,C96283,Desk,3,308.01,924.03,FREESHIP,0.0,0.0,924.03,924.03,366 Main St,Cash,Pending,TRK91784124,3,Facebook,2023,7,July,24,Monday,0
ORD200760,2025-02-18,C96636,Desk,1,39.56,39.56,NO_COUPON,0.0,0.0,39.56,39.56,283 Main St,Debit Card,Cancelled,TRK73324346,5,Google,2025,2,February,18,Tuesday,0
ORD200761,2023-06-02,C37235,Desk,4,37.76,151.04,NO_COUPON,0.0,0.0,151.04,151.04,217 Main St,Debit Card,Delivered,TRK67789367,7,Google,2023,6,June,2,Friday,0
ORD200762,2024-09-17,C12444,Phone,3,76.96,230.88,FREESHIP,0.0,0.0,230.88,230.88,611 Main St,Cash,Returned,TRK97621403,8,Email,2024,9,September,17,Tuesday,0
ORD200763,2023-04-06,C79142,Laptop,1,569.96,569.96,FREESHIP,0.0,0.0,569.96,569.96,533 Main St,Online,Delivered,TRK30915955,4,Email,2023,4,April,6,Thursday,0
ORD200764,2024-03-10,C35983,Laptop,5,627.43,3137.15,FREESHIP,0.0,0.0,3137.15,3137.15,806 Main St,Credit Card,Cancelled,TRK14016163,10,Email,2024,3,March,10,Sunday,1
ORD200765,2023-10-06,C36150,Laptop,2,534.91,1069.82,SAVE10,0.1,106.98,962.84,1069.82,281 Main St,Debit Card,Returned,TRK96249043,5,Google,2023,10,October,6,Friday,0
ORD200766,2023-01-22,C91454,Printer,2,278.88,557.76,FREESHIP,0.0,0.0,557.76,557.76,494 Main St,Debit Card,Pending,TRK99985340,3,Referral,2023,1,January,22,Sunday,1
ORD200767,2025-04-18,C19368,Tablet,2,323.22,646.44,NO_COUPON,0.0,0.0,646.44,646.44,517 Main St,Credit Card,Delivered,TRK80436037,7,Instagram,2025,4,April,18,Friday,0
ORD200768,2023-09-04,C35987,Tablet,5,653.46,3267.3,WINTER15,0.15,490.1,2777.2,3267.3,165 Main St,Cash,Cancelled,TRK28918815,9,Email,2023,9,September,4,Monday,0
ORD200769,2023-07-06,C13366,Printer,4,678.55,2714.2,NO_COUPON,0.0,0.0,2714.2,2714.2,568 Main St,Cash,Delivered,TRK98691410,5,Email,2023,7,July,6,Thursday,0
ORD200770,2024-02-11,C72166,Desk,1,314.38,314.38,NO_COUPON,0.0,0.0,314.38,314.38,227 Main St,Online,Returned,TRK67733444,6,Google,2024,2,February,11,Sunday,1
ORD200771,2024-06-12,C20357,Phone,3,692.44,2077.32,FREESHIP,0.0,0.0,2077.32,2077.32,272 Main St,Debit Card,Cancelled,TRK82236408,8,Google,2024,6,June,12,Wednesday,0
ORD200772,2024-07-28,C33802,Monitor,1,604.87,604.87,NO_COUPON,0.0,0.0,604.87,604.87,461 Main St,Online,Delivered,TRK25799478,4,Instagram,2024,7,July,28,Sunday,1
ORD200773,2025-06-28,C99205,Phone,2,512.33,1024.66,NO_COUPON,0.0,0.0,1024.66,1024.66,415 Main St,Cash,Cancelled,TRK48904015,7,Facebook,2025,6,June,28,Saturday,1
ORD200774,2025-04-15,C29701,Chair,3,20.54,61.62,FREESHIP,0.0,0.0,61.62,61.62,257 Main St,Credit Card,Cancelled,TRK42266846,3,Instagram,2025,4,April,15,Tuesday,0
ORD200775,2023-03-04,C73941,Phone,2,625.22,1250.44,NO_COUPON,0.0,0.0,1250.44,1250.44,569 Main St,Online,Cancelled,TRK22051900,5,Google,2023,3,March,4,Saturday,1
ORD200776,2023-08-21,C69168,Tablet,1,21.19,21.19,WINTER15,0.15,3.18,18.01,21.19,482 Main St,Cash,Returned,TRK10446197,5,Google,2023,8,August,21,Monday,0
ORD200777,2025-03-21,C66116,Chair,5,64.49,322.45,NO_COUPON,0.0,0.0,322.45,322.45,633 Main St,Online,Cancelled,TRK41967983,7,Facebook,2025,3,March,21,Friday,0
ORD200778,2023-04-28,C85059,Laptop,4,246.85,987.4,WINTER15,0.15,148.11,839.29,987.4,316 Main St,Credit Card,Shipped,TRK56503740,8,Google,2023,4,April,28,Friday,0
ORD200779,2023-12-01,C18076,Phone,3,588.74,1766.22,FREESHIP,0.0,0.0,1766.22,1766.22,751 Main St,Debit Card,Pending,TRK26661705,8,Email,2023,12,December,1,Friday,0
ORD200780,2024-03-31,C41284,Laptop,4,184.48,737.92,WINTER15,0.15,110.69,627.23,737.92,661 Main St,Online,Cancelled,TRK73613128,4,Google,2024,3,March,31,Sunday,1
ORD200781,2024-01-10,C43524,Phone,5,524.26,2621.3,FREESHIP,0.0,0.0,2621.3,2621.3,934 Main St,Gift Card,Delivered,TRK51479426,5,Referral,2024,1,January,10,Wednesday,0
ORD200782,2024-08-11,C58063,Monitor,2,493.63,987.26,SAVE10,0.1,98.73,888.53,987.26,167 Main St,Online,Returned,TRK50548869,6,Referral,2024,8,August,11,Sunday,1
ORD200783,2025-05-26,C19937,Printer,1,438.34,438.34,FREESHIP,0.0,0.0,438.34,438.34,281 Main St,Gift Card,Returned,TRK46990083,5,Facebook,2025,5,May,26,Monday,0
ORD200784,2025-05-16,C21191,Laptop,1,325.81,325.81,WINTER15,0.15,48.87,276.94,325.81,232 Main St,Credit Card,Pending,TRK85771230,1,Referral,2025,5,May,16,Friday,0
ORD200785,2023-07-29,C45862,Chair,1,176.1,176.1,SAVE10,0.1,17.61,158.49,176.1,342 Main St,Credit Card,Pending,TRK53089983,1,Instagram,2023,7,July,29,Saturday,1
ORD200786,2023-08-23,C39130,Chair,5,45.31,226.55,NO_COUPON,0.0,0.0,226.55,226.55,774 Main St,Online,Cancelled,TRK99583414,8,Referral,2023,8,August,23,Wednesday,0
ORD200787,2024-03-17,C18167,Desk,4,221.96,887.84,NO_COUPON,0.0,0.0,887.84,887.84,193 Main St,Cash,Delivered,TRK36841089,7,Google,2024,3,March,17,Sunday,1
ORD200788,2023-11-02,C47307,Chair,2,601.43,1202.86,FREESHIP,0.0,0.0,1202.86,1202.86,761 Main St,Online,Pending,TRK43516112,5,Instagram,2023,11,November,2,Thursday,0
ORD200789,2023-08-17,C57276,Tablet,5,691.28,3456.4,SAVE10,0.1,345.64,3110.76,3456.4,183 Main St,Online,Delivered,TRK75899752,10,Email,2023,8,August,17,Thursday,0
ORD200790,2024-09-14,C38928,Laptop,4,417.89,1671.56,NO_COUPON,0.0,0.0,1671.56,1671.56,302 Main St,Gift Card,Pending,TRK96636009,4,Google,2024,9,September,14,Saturday,1
ORD200791,2024-01-13,C49710,Chair,4,409.28,1637.12,NO_COUPON,0.0,0.0,1637.12,1637.12,956 Main St,Cash,Pending,TRK92591237,8,Email,2024,1,January,13,Saturday,1
ORD200792,2023-06-16,C41709,Desk,2,356.35,712.7,WINTER15,0.15,106.9,605.8,712.7,746 Main St,Debit Card,Returned,TRK90995294,6,Facebook,2023,6,June,16,Friday,0
ORD200793,2024-04-15,C91255,Chair,5,170.22,851.1,NO_COUPON,0.0,0.0,851.1,851.1,769 Main St,Debit Card,Delivered,TRK69599961,8,Referral,2024,4,April,15,Monday,0
ORD200794,2023-03-09,C76653,Printer,4,384.85,1539.4,FREESHIP,0.0,0.0,1539.4,1539.4,988 Main St,Online,Delivered,TRK77052196,9,Instagram,2023,3,March,9,Thursday,0
ORD200795,2024-11-20,C95667,Laptop,4,115.77,463.08,SAVE10,0.1,46.31,416.77,463.08,586 Main St,Online,Pending,TRK41266666,7,Instagram,2024,11,November,20,Wednesday,0
ORD200796,2025-04-29,C33313,Phone,3,579.55,1738.65,WINTER15,0.15,260.8,1477.85,1738.65,882 Main St,Gift Card,Returned,TRK13349970,8,Facebook,2025,4,April,29,Tuesday,0
ORD200797,2023-02-27,C36825,Laptop,2,438.76,877.52,NO_COUPON,0.0,0.0,877.52,877.52,426 Main St,Debit Card,Returned,TRK72557318,2,Facebook,2023,2,February,27,Monday,0
ORD200798,2025-05-19,C20861,Phone,5,488.35,2441.75,FREESHIP,0.0,0.0,2441.75,2441.75,968 Main St,Debit Card,Returned,TRK89372013,9,Email,2025,5,May,19,Monday,0
ORD200799,2023-04-16,C26364,Laptop,4,328.56,1314.24,FREESHIP,0.0,0.0,1314.24,1314.24,803 Main St,Debit Card,Returned,TRK78924436,4,Email,2023,4,April,16,Sunday,1
ORD200800,2025-03-28,C34686,Tablet,1,68.39,68.39,WINTER15,0.15,10.26,58.13,68.39,412 Main St,Online,Returned,TRK99468332,3,Facebook,2025,3,March,28,Friday,0
ORD200801,2023-05-03,C97593,Printer,4,595.62,2382.48,FREESHIP,0.0,0.0,2382.48,2382.48,738 Main St,Debit Card,Pending,TRK58443593,8,Facebook,2023,5,May,3,Wednesday,0
ORD200802,2024-02-17,C84331,Chair,5,644.64,3223.2,FREESHIP,0.0,0.0,3223.2,3223.2,205 Main St,Gift Card,Cancelled,TRK34440714,6,Email,2024,2,February,17,Saturday,1
ORD200803,2023-08-20,C88775,Monitor,5,397.81,1989.05,SAVE10,0.1,198.9,1790.15,1989.05,223 Main St,Debit Card,Returned,TRK45098068,5,Referral,2023,8,August,20,Sunday,1
ORD200804,2024-01-01,C76362,Chair,3,236.5,709.5,FREESHIP,0.0,0.0,709.5,709.5,916 Main St,Online,Delivered,TRK11868618,8,Email,2024,1,January,1,Monday,0
ORD200805,2024-10-15,C59278,Laptop,5,472.01,2360.05,SAVE10,0.1,236.01,2124.04,2360.05,178 Main St,Gift Card,Cancelled,TRK14590037,10,Email,2024,10,October,15,Tuesday,0
ORD200806,2023-09-01,C55819,Chair,5,253.75,1268.75,WINTER15,0.15,190.31,1078.44,1268.75,740 Main St,Online,Pending,TRK13775054,9,Instagram,2023,9,September,1,Friday,0
ORD200807,2024-11-10,C82344,Monitor,3,676.21,2028.63,SAVE10,0.1,202.86,1825.77,2028.63,260 Main St,Online,Delivered,TRK70957219,5,Google,2024,11,November,10,Sunday,1
ORD200808,2024-02-13,C65565,Desk,3,134.05,402.15,NO_COUPON,0.0,0.0,402.15,402.15,192 Main St,Credit Card,Shipped,TRK80383756,3,Google,2024,2,February,13,Tuesday,0
ORD200809,2024-04-09,C80416,Desk,5,217.43,1087.15,SAVE10,0.1,108.72,978.43,1087.15,752 Main St,Debit Card,Shipped,TRK54385892,10,Instagram,2024,4,April,9,Tuesday,0
ORD200810,2023-05-31,C23637,Tablet,1,553.56,553.56,NO_COUPON,0.0,0.0,553.56,553.56,644 Main St,Credit Card,Cancelled,TRK16749863,5,Referral,2023,5,May,31,Wednesday,0
ORD200811,2023-11-05,C24769,Laptop,2,28.55,57.1,SAVE10,0.1,5.71,51.39,57.1,864 Main St,Gift Card,Shipped,TRK44538305,7,Email,2023,11,November,5,Sunday,1
ORD200812,2024-01-26,C81547,Phone,2,255.26,510.52,FREESHIP,0.0,0.0,510.52,510.52,803 Main St,Credit Card,Cancelled,TRK88437123,6,Google,2024,1,January,26,Friday,0
ORD200813,2025-03-15,C12813,Laptop,5,292.54,1462.7,FREESHIP,0.0,0.0,1462.7,1462.7,263 Main St,Debit Card,Cancelled,TRK36131660,8,Email,2025,3,March,15,Saturday,1
ORD200814,2024-12-11,C50732,Chair,4,147.51,590.04,WINTER15,0.15,88.51,501.53,590.04,979 Main St,Debit Card,Pending,TRK21082461,4,Instagram,2024,12,December,11,Wednesday,0
ORD200815,2024-08-04,C41320,Printer,3,569.84,1709.52,WINTER15,0.15,256.43,1453.09,1709.52,920 Main St,Gift Card,Cancelled,TRK77539180,8,Instagram,2024,8,August,4,Sunday,1
ORD200816,2024-02-21,C55286,Tablet,5,574.79,2873.95,WINTER15,0.15,431.09,2442.86,2873.95,497 Main St,Credit Card,Pending,TRK39058734,8,Referral,2024,2,February,21,Wednesday,0
ORD200817,2023-10-05,C87994,Chair,4,598.19,2392.76,WINTER15,0.15,358.91,2033.85,2392.76,430 Main St,Credit Card,Delivered,TRK98883971,7,Email,2023,10,October,5,Thursday,0
ORD200818,2023-03-02,C25580,Phone,4,390.84,1563.36,WINTER15,0.15,234.5,1328.86,1563.36,860 Main St,Credit Card,Cancelled,TRK58781638,9,Referral,2023,3,March,2,Thursday,0
ORD200819,2024-09-28,C66196,Phone,2,398.45,796.9,SAVE10,0.1,79.69,717.21,796.9,650 Main St,Debit Card,Cancelled,TRK38104650,7,Google,2024,9,September,28,Saturday,1
ORD200820,2023-05-27,C35377,Phone,5,623.81,3119.05,FREESHIP,0.0,0.0,3119.05,3119.05,171 Main St,Cash,Returned,TRK17342157,6,Email,2023,5,May,27,Saturday,1
ORD200821,2024-12-14,C40771,Laptop,4,174.49,697.96,SAVE10,0.1,69.8,628.16,697.96,259 Main St,Credit Card,Delivered,TRK56310345,5,Facebook,2024,12,December,14,Saturday,1
ORD200822,2025-03-15,C20624,Phone,1,479.56,479.56,SAVE10,0.1,47.96,431.6,479.56,923 Main St,Gift Card,Returned,TRK45123395,1,Google,2025,3,March,15,Saturday,1
ORD200823,2024-10-07,C27070,Laptop,4,653.13,2612.52,WINTER15,0.15,391.88,2220.64,2612.52,973 Main St,Credit Card,Shipped,TRK83842481,8,Instagram,2024,10,October,7,Monday,0
ORD200824,2023-08-29,C18826,Monitor,3,481.1,1443.3,FREESHIP,0.0,0.0,1443.3,1443.3,664 Main St,Credit Card,Returned,TRK12530495,3,Facebook,2023,8,August,29,Tuesday,0
ORD200825,2025-03-26,C23899,Desk,5,271.69,1358.45,FREESHIP,0.0,0.0,1358.45,1358.45,543 Main St,Online,Returned,TRK88914760,7,Instagram,2025,3,March,26,Wednesday,0
ORD200826,2025-03-08,C43249,Printer,3,463.81,1391.43,WINTER15,0.15,208.71,1182.72,1391.43,283 Main St,Online,Returned,TRK32469820,8,Email,2025,3,March,8,Saturday,1
ORD200827,2023-05-25,C95856,Tablet,2,639.88,1279.76,WINTER15,0.15,191.96,1087.8,1279.76,432 Main St,Cash,Delivered,TRK58829625,5,Instagram,2023,5,May,25,Thursday,0
ORD200828,2024-07-24,C86266,Chair,4,404.58,1618.32,FREESHIP,0.0,0.0,1618.32,1618.32,510 Main St,Cash,Shipped,TRK64576020,5,Instagram,2024,7,July,24,Wednesday,0
ORD200829,2023-02-05,C39551,Monitor,1,76.93,76.93,WINTER15,0.15,11.54,65.39,76.93,685 Main St,Debit Card,Delivered,TRK68358007,6,Instagram,2023,2,February,5,Sunday,1
ORD200830,2024-12-11,C90310,Tablet,4,190.64,762.56,SAVE10,0.1,76.26,686.3,762.56,853 Main St,Cash,Delivered,TRK70028457,5,Email,2024,12,December,11,Wednesday,0
ORD200831,2023-12-18,C20124,Printer,2,88.73,177.46,NO_COUPON,0.0,0.0,177.46,177.46,140 Main St,Online,Pending,TRK61346824,5,Google,2023,12,December,18,Monday,0
ORD200832,2024-03-12,C63372,Chair,5,485.71,2428.55,SAVE10,0.1,242.86,2185.69,2428.55,903 Main St,Online,Pending,TRK14661811,10,Referral,2024,3,March,12,Tuesday,0
ORD200833,2025-03-14,C90595,Phone,5,78.29,391.45,WINTER15,0.15,58.72,332.73,391.45,508 Main St,Credit Card,Shipped,TRK96573803,5,Referral,2025,3,March,14,Friday,0
ORD200834,2024-04-11,C98483,Printer,5,22.14,110.7,NO_COUPON,0.0,0.0,110.7,110.7,456 Main St,Cash,Returned,TRK22084320,10,Instagram,2024,4,April,11,Thursday,0
ORD200835,2024-03-26,C16429,Desk,1,679.65,679.65,FREESHIP,0.0,0.0,679.65,679.65,390 Main St,Debit Card,Shipped,TRK73888013,6,Google,2024,3,March,26,Tuesday,0
ORD200836,2023-02-02,C31810,Phone,1,178.44,178.44,FREESHIP,0.0,0.0,178.44,178.44,328 Main St,Credit Card,Cancelled,TRK58725886,2,Google,2023,2,February,2,Thursday,0
ORD200837,2025-06-14,C88029,Chair,5,655.55,3277.75,NO_COUPON,0.0,0.0,3277.75,3277.75,282 Main St,Online,Delivered,TRK59701278,5,Email,2025,6,June,14,Saturday,1
ORD200838,2024-04-11,C57798,Desk,4,577.08,2308.32,NO_COUPON,0.0,0.0,2308.32,2308.32,384 Main St,Online,Pending,TRK68797566,8,Facebook,2024,4,April,11,Thursday,0
ORD200839,2023-08-24,C82858,Chair,3,197.97,593.91,NO_COUPON,0.0,0.0,593.91,593.91,551 Main St,Online,Cancelled,TRK90618490,5,Google,2023,8,August,24,Thursday,0
ORD200840,2024-01-14,C60699,Chair,3,411.95,1235.85,FREESHIP,0.0,0.0,1235.85,1235.85,672 Main St,Credit Card,Delivered,TRK88660574,7,Referral,2024,1,January,14,Sunday,1
ORD200841,2024-09-19,C94658,Printer,2,443.22,886.44,NO_COUPON,0.0,0.0,886.44,886.44,742 Main St,Credit Card,Delivered,TRK51732528,5,Facebook,2024,9,September,19,Thursday,0
ORD200842,2025-05-07,C78305,Laptop,3,364.14,1092.42,WINTER15,0.15,163.86,928.56,1092.42,396 Main St,Online,Pending,TRK88312618,7,Referral,2025,5,May,7,Wednesday,0
ORD200843,2025-05-13,C43538,Desk,3,430.06,1290.18,FREESHIP,0.0,0.0,1290.18,1290.18,534 Main St,Gift Card,Cancelled,TRK20961563,8,Instagram,2025,5,May,13,Tuesday,0
ORD200844,2024-12-04,C47486,Chair,1,320.92,320.92,FREESHIP,0.0,0.0,320.92,320.92,883 Main St,Online,Returned,TRK75984759,5,Facebook,2024,12,December,4,Wednesday,0
ORD200845,2023-10-08,C24212,Phone,3,107.36,322.08,FREESHIP,0.0,0.0,322.08,322.08,808 Main St,Gift Card,Delivered,TRK68894675,5,Google,2023,10,October,8,Sunday,1
ORD200846,2024-07-04,C24765,Desk,2,359.86,719.72,NO_COUPON,0.0,0.0,719.72,719.72,646 Main St,Debit Card,Cancelled,TRK43977698,4,Referral,2024,7,July,4,Thursday,0
ORD200847,2024-11-18,C48176,Printer,4,434.23,1736.92,FREESHIP,0.0,0.0,1736.92,1736.92,670 Main St,Online,Shipped,TRK90560300,8,Email,2024,11,November,18,Monday,0
ORD200848,2023-01-01,C54675,Chair,2,645.85,1291.7,NO_COUPON,0.0,0.0,1291.7,1291.7,634 Main St,Online,Shipped,TRK18049633,5,Referral,2023,1,January,1,Sunday,1
ORD200849,2025-06-09,C16675,Printer,4,214.35,857.4,WINTER15,0.15,128.61,728.79,857.4,664 Main St,Debit Card,Cancelled,TRK12756945,7,Referral,2025,6,June,9,Monday,0
ORD200850,2025-04-27,C38557,Monitor,3,638.5,1915.5,FREESHIP,0.0,0.0,1915.5,1915.5,890 Main St,Debit Card,Cancelled,TRK14832238,4,Instagram,2025,4,April,27,Sunday,1
ORD200851,2023-12-12,C80183,Laptop,1,365.57,365.57,SAVE10,0.1,36.56,329.01,365.57,146 Main St,Online,Cancelled,TRK20814598,5,Email,2023,12,December,12,Tuesday,0
ORD200852,2024-10-24,C39530,Desk,3,568.05,1704.15,SAVE10,0.1,170.42,1533.73,1704.15,618 Main St,Gift Card,Pending,TRK69000497,6,Google,2024,10,October,24,Thursday,0
ORD200853,2023-10-16,C10002,Printer,3,490.01,1470.03,SAVE10,0.1,147.0,1323.03,1470.03,894 Main St,Cash,Returned,TRK94641152,4,Facebook,2023,10,October,16,Monday,0
ORD200854,2025-06-13,C56938,Laptop,3,372.6,1117.8,WINTER15,0.15,167.67,950.13,1117.8,356 Main St,Credit Card,Delivered,TRK67735987,7,Referral,2025,6,June,13,Friday,0
ORD200855,2023-05-25,C41331,Monitor,5,240.61,1203.05,FREESHIP,0.0,0.0,1203.05,1203.05,785 Main St,Credit Card,Shipped,TRK94198179,10,Email,2023,5,May,25,Thursday,0
ORD200856,2024-06-03,C94698,Phone,1,586.62,586.62,NO_COUPON,0.0,0.0,586.62,586.62,871 Main St,Debit Card,Shipped,TRK95768773,5,Facebook,2024,6,June,3,Monday,0
ORD200857,2024-03-10,C56506,Phone,3,257.84,773.52,NO_COUPON,0.0,0.0,773.52,773.52,185 Main St,Online,Delivered,TRK86808324,4,Instagram,2024,3,March,10,Sunday,1
ORD200858,2023-08-20,C22167,Tablet,5,435.66,2178.3,NO_COUPON,0.0,0.0,2178.3,2178.3,891 Main St,Online,Pending,TRK70269748,9,Facebook,2023,8,August,20,Sunday,1
ORD200859,2024-08-28,C11127,Chair,5,261.33,1306.65,SAVE10,0.1,130.67,1175.98,1306.65,154 Main St,Credit Card,Returned,TRK73285507,5,Referral,2024,8,August,28,Wednesday,0
ORD200860,2024-01-23,C69542,Printer,1,422.54,422.54,SAVE10,0.1,42.25,380.29,422.54,876 Main St,Cash,Delivered,TRK20746505,1,Google,2024,1,January,23,Tuesday,0
ORD200861,2023-03-19,C93276,Desk,5,330.45,1652.25,FREESHIP,0.0,0.0,1652.25,1652.25,230 Main St,Gift Card,Shipped,TRK44165913,10,Google,2023,3,March,19,Sunday,1
ORD200862,2023-12-02,C37969,Desk,3,120.82,362.46,SAVE10,0.1,36.25,326.21,362.46,799 Main St,Credit Card,Shipped,TRK69852386,5,Referral,2023,12,December,2,Saturday,1
ORD200863,2024-05-20,C98276,Phone,1,14.06,14.06,SAVE10,0.1,1.41,12.65,14.06,471 Main St,Credit Card,Pending,TRK74207282,5,Referral,2024,5,May,20,Monday,0
ORD200864,2023-05-03,C14240,Desk,1,491.11,491.11,SAVE10,0.1,49.11,442.0,491.11,592 Main St,Credit Card,Delivered,TRK58095246,4,Facebook,2023,5,May,3,Wednesday,0
ORD200865,2023-04-30,C72241,Monitor,4,677.37,2709.48,SAVE10,0.1,270.95,2438.53,2709.48,156 Main St,Cash,Pending,TRK76270481,8,Google,2023,4,April,30,Sunday,1
ORD200866,2024-07-26,C39664,Desk,5,189.25,946.25,WINTER15,0.15,141.94,804.31,946.25,693 Main St,Debit Card,Cancelled,TRK39917741,10,Email,2024,7,July,26,Friday,0
ORD200867,2024-05-26,C53252,Printer,4,142.58,570.32,FREESHIP,0.0,0.0,570.32,570.32,351 Main St,Cash,Delivered,TRK65831261,4,Facebook,2024,5,May,26,Sunday,1
ORD200868,2024-06-29,C70452,Monitor,4,316.32,1265.28,NO_COUPON,0.0,0.0,1265.28,1265.28,309 Main St,Debit Card,Delivered,TRK42985882,7,Facebook,2024,6,June,29,Saturday,1
ORD200869,2024-03-17,C29905,Desk,2,533.95,1067.9,WINTER15,0.15,160.18,907.72,1067.9,790 Main St,Online,Delivered,TRK16788127,5,Google,2024,3,March,17,Sunday,1
ORD200870,2025-06-01,C78725,Phone,4,470.09,1880.36,FREESHIP,0.0,0.0,1880.36,1880.36,541 Main St,Debit Card,Delivered,TRK72001139,4,Google,2025,6,June,1,Sunday,1
ORD200871,2024-05-16,C93768,Tablet,3,324.3,972.9,FREESHIP,0.0,0.0,972.9,972.9,720 Main St,Debit Card,Pending,TRK22024707,8,Email,2024,5,May,16,Thursday,0
ORD200872,2023-07-10,C59169,Chair,4,629.34,2517.36,NO_COUPON,0.0,0.0,2517.36,2517.36,172 Main St,Cash,Shipped,TRK90883858,7,Email,2023,7,July,10,Monday,0
ORD200873,2024-05-12,C53488,Desk,3,136.84,410.52,SAVE10,0.1,41.05,369.47,410.52,448 Main St,Cash,Delivered,TRK27365050,3,Facebook,2024,5,May,12,Sunday,1
ORD200874,2023-10-31,C92180,Chair,2,488.9,977.8,FREESHIP,0.0,0.0,977.8,977.8,632 Main St,Cash,Delivered,TRK93315929,7,Facebook,2023,10,October,31,Tuesday,0
ORD200875,2023-08-03,C25918,Laptop,5,133.39,666.95,FREESHIP,0.0,0.0,666.95,666.95,203 Main St,Credit Card,Delivered,TRK66473392,6,Referral,2023,8,August,3,Thursday,0
ORD200876,2024-06-09,C90363,Chair,5,608.91,3044.55,SAVE10,0.1,304.46,2740.09,3044.55,200 Main St,Gift Card,Pending,TRK21534173,6,Google,2024,6,June,9,Sunday,1
ORD200877,2024-07-25,C43867,Tablet,1,524.06,524.06,FREESHIP,0.0,0.0,524.06,524.06,269 Main St,Debit Card,Pending,TRK97319127,3,Email,2024,7,July,25,Thursday,0
ORD200878,2023-06-01,C73873,Desk,2,330.69,661.38,SAVE10,0.1,66.14,595.24,661.38,393 Main St,Online,Cancelled,TRK56423132,5,Google,2023,6,June,1,Thursday,0
ORD200879,2025-04-08,C56622,Phone,2,547.67,1095.34,NO_COUPON,0.0,0.0,1095.34,1095.34,932 Main St,Gift Card,Shipped,TRK86373987,3,Instagram,2025,4,April,8,Tuesday,0
ORD200880,2025-03-12,C85074,Laptop,4,233.7,934.8,SAVE10,0.1,93.48,841.32,934.8,506 Main St,Online,Shipped,TRK63133878,8,Facebook,2025,3,March,12,Wednesday,0
ORD200881,2023-01-03,C59579,Tablet,2,448.85,897.7,NO_COUPON,0.0,0.0,897.7,897.7,386 Main St,Credit Card,Pending,TRK48000034,6,Instagram,2023,1,January,3,Tuesday,0
ORD200882,2025-06-28,C43335,Phone,2,274.12,548.24,FREESHIP,0.0,0.0,548.24,548.24,533 Main St,Cash,Delivered,TRK91848650,6,Referral,2025,6,June,28,Saturday,1
ORD200883,2025-05-13,C43595,Printer,5,561.48,2807.4,FREESHIP,0.0,0.0,2807.4,2807.4,451 Main St,Online,Delivered,TRK25317348,9,Facebook,2025,5,May,13,Tuesday,0
ORD200884,2024-05-15,C71471,Chair,1,595.54,595.54,NO_COUPON,0.0,0.0,595.54,595.54,817 Main St,Gift Card,Shipped,TRK52137079,4,Instagram,2024,5,May,15,Wednesday,0
ORD200885,2024-04-07,C61090,Laptop,4,515.59,2062.36,FREESHIP,0.0,0.0,2062.36,2062.36,387 Main St,Credit Card,Shipped,TRK36388962,7,Google,2024,4,April,7,Sunday,1
ORD200886,2023-10-25,C29620,Phone,1,460.13,460.13,NO_COUPON,0.0,0.0,460.13,460.13,792 Main St,Credit Card,Returned,TRK22046456,1,Google,2023,10,October,25,Wednesday,0
ORD200887,2024-12-19,C67932,Chair,3,171.66,514.98,NO_COUPON,0.0,0.0,514.98,514.98,857 Main St,Debit Card,Delivered,TRK88547534,7,Google,2024,12,December,19,Thursday,0
ORD200888,2024-07-23,C14427,Laptop,2,266.95,533.9,NO_COUPON,0.0,0.0,533.9,533.9,833 Main St,Credit Card,Pending,TRK58024529,3,Instagram,2024,7,July,23,Tuesday,0
ORD200889,2024-10-27,C36725,Monitor,5,650.72,3253.6,WINTER15,0.15,488.04,2765.56,3253.6,350 Main St,Credit Card,Cancelled,TRK16808790,8,Email,2024,10,October,27,Sunday,1
ORD200890,2023-08-11,C51921,Laptop,3,439.53,1318.59,NO_COUPON,0.0,0.0,1318.59,1318.59,943 Main St,Debit Card,Pending,TRK85741716,5,Google,2023,8,August,11,Friday,0
ORD200891,2023-11-11,C36534,Monitor,3,654.54,1963.62,SAVE10,0.1,196.36,1767.26,1963.62,918 Main St,Cash,Returned,TRK38952138,7,Referral,2023,11,November,11,Saturday,1
ORD200892,2024-06-04,C72043,Desk,1,394.53,394.53,FREESHIP,0.0,0.0,394.53,394.53,480 Main St,Cash,Shipped,TRK40896408,2,Referral,2024,6,June,4,Tuesday,0
ORD200893,2023-03-21,C99533,Monitor,1,678.01,678.01,FREESHIP,0.0,0.0,678.01,678.01,696 Main St,Cash,Pending,TRK55701253,4,Referral,2023,3,March,21,Tuesday,0
ORD200894,2023-05-23,C90852,Tablet,3,575.01,1725.03,WINTER15,0.15,258.75,1466.28,1725.03,852 Main St,Online,Cancelled,TRK37551831,8,Instagram,2023,5,May,23,Tuesday,0
ORD200895,2023-11-09,C81882,Chair,3,154.64,463.92,WINTER15,0.15,69.59,394.33,463.92,832 Main St,Debit Card,Pending,TRK62371264,6,Facebook,2023,11,November,9,Thursday,0
ORD200896,2024-10-18,C85466,Desk,3,147.29,441.87,FREESHIP,0.0,0.0,441.87,441.87,102 Main St,Gift Card,Shipped,TRK66764177,3,Google,2024,10,October,18,Friday,0
ORD200897,2024-09-03,C87995,Laptop,4,481.48,1925.92,SAVE10,0.1,192.59,1733.33,1925.92,358 Main St,Gift Card,Delivered,TRK38730545,5,Instagram,2024,9,September,3,Tuesday,0
ORD200898,2025-03-05,C44619,Monitor,3,158.37,475.11,NO_COUPON,0.0,0.0,475.11,475.11,742 Main St,Cash,Shipped,TRK66662528,6,Referral,2025,3,March,5,Wednesday,0
ORD200899,2025-04-23,C99904,Printer,2,323.37,646.74,SAVE10,0.1,64.67,582.07,646.74,552 Main St,Online,Pending,TRK83843411,3,Instagram,2025,4,April,23,Wednesday,0
ORD200900,2025-02-07,C52342,Laptop,5,73.83,369.15,NO_COUPON,0.0,0.0,369.15,369.15,991 Main St,Debit Card,Pending,TRK67342586,9,Instagram,2025,2,February,7,Friday,0
ORD200901,2024-04-28,C44277,Tablet,1,458.63,458.63,WINTER15,0.15,68.79,389.84,458.63,839 Main St,Debit Card,Returned,TRK79321479,4,Referral,2024,4,April,28,Sunday,1
ORD200902,2024-07-13,C61162,Monitor,4,180.25,721.0,NO_COUPON,0.0,0.0,721.0,721.0,813 Main St,Debit Card,Cancelled,TRK76712124,7,Facebook,2024,7,July,13,Saturday,1
ORD200903,2023-05-17,C80868,Monitor,3,473.49,1420.47,NO_COUPON,0.0,0.0,1420.47,1420.47,205 Main St,Credit Card,Pending,TRK56186636,7,Email,2023,5,May,17,Wednesday,0
ORD200904,2025-02-05,C16693,Monitor,4,237.43,949.72,WINTER15,0.15,142.46,807.26,949.72,262 Main St,Cash,Cancelled,TRK41146508,8,Referral,2025,2,February,5,Wednesday,0
ORD200905,2023-11-23,C67818,Laptop,1,442.39,442.39,FREESHIP,0.0,0.0,442.39,442.39,101 Main St,Gift Card,Pending,TRK81978113,6,Facebook,2023,11,November,23,Thursday,0
ORD200906,2024-09-03,C49938,Monitor,1,62.12,62.12,NO_COUPON,0.0,0.0,62.12,62.12,141 Main St,Cash,Returned,TRK80175572,2,Email,2024,9,September,3,Tuesday,0
ORD200907,2024-08-04,C90898,Desk,5,298.39,1491.95,WINTER15,0.15,223.79,1268.16,1491.95,583 Main St,Gift Card,Cancelled,TRK52935170,7,Referral,2024,8,August,4,Sunday,1
ORD200908,2025-05-06,C35117,Desk,2,697.93,1395.86,SAVE10,0.1,139.59,1256.27,1395.86,332 Main St,Credit Card,Cancelled,TRK27155709,2,Google,2025,5,May,6,Tuesday,0
ORD200909,2024-05-27,C60203,Tablet,2,291.85,583.7,FREESHIP,0.0,0.0,583.7,583.7,569 Main St,Cash,Shipped,TRK76525279,5,Instagram,2024,5,May,27,Monday,0
ORD200910,2024-05-31,C36174,Printer,3,308.98,926.94,SAVE10,0.1,92.69,834.25,926.94,348 Main St,Cash,Delivered,TRK26397548,3,Instagram,2024,5,May,31,Friday,0
ORD200911,2024-08-13,C80872,Desk,5,396.86,1984.3,SAVE10,0.1,198.43,1785.87,1984.3,593 Main St,Cash,Cancelled,TRK43967487,9,Instagram,2024,8,August,13,Tuesday,0
ORD200912,2024-01-22,C67604,Desk,2,139.69,279.38,FREESHIP,0.0,0.0,279.38,279.38,318 Main St,Online,Returned,TRK85545920,7,Email,2024,1,January,22,Monday,0
ORD200913,2023-02-16,C45599,Printer,5,475.95,2379.75,WINTER15,0.15,356.96,2022.79,2379.75,505 Main St,Credit Card,Returned,TRK62277685,8,Facebook,2023,2,February,16,Thursday,0
ORD200914,2025-02-10,C70352,Desk,1,626.6,626.6,WINTER15,0.15,93.99,532.61,626.6,955 Main St,Gift Card,Returned,TRK51589589,4,Facebook,2025,2,February,10,Monday,0
ORD200915,2024-02-16,C20643,Laptop,4,502.99,2011.96,WINTER15,0.15,301.79,1710.17,2011.96,939 Main St,Debit Card,Shipped,TRK30736692,4,Referral,2024,2,February,16,Friday,0
ORD200916,2024-06-21,C35669,Printer,5,578.83,2894.15,NO_COUPON,0.0,0.0,2894.15,2894.15,165 Main St,Cash,Returned,TRK13928455,6,Referral,2024,6,June,21,Friday,0
ORD200917,2025-01-20,C65524,Laptop,5,383.82,1919.1,FREESHIP,0.0,0.0,1919.1,1919.1,836 Main St,Credit Card,Returned,TRK19315310,7,Google,2025,1,January,20,Monday,0
ORD200918,2025-06-24,C74359,Laptop,5,368.25,1841.25,NO_COUPON,0.0,0.0,1841.25,1841.25,706 Main St,Online,Delivered,TRK18250450,5,Instagram,2025,6,June,24,Tuesday,0
ORD200919,2025-02-07,C92086,Printer,2,374.6,749.2,FREESHIP,0.0,0.0,749.2,749.2,187 Main St,Online,Shipped,TRK23357668,3,Referral,2025,2,February,7,Friday,0
ORD200920,2025-03-12,C26137,Tablet,2,428.09,856.18,NO_COUPON,0.0,0.0,856.18,856.18,978 Main St,Credit Card,Returned,TRK98110407,6,Instagram,2025,3,March,12,Wednesday,0
ORD200921,2023-07-24,C90573,Tablet,1,438.93,438.93,SAVE10,0.1,43.89,395.04,438.93,144 Main St,Gift Card,Cancelled,TRK90075720,3,Referral,2023,7,July,24,Monday,0
ORD200922,2024-06-17,C81857,Desk,2,563.82,1127.64,NO_COUPON,0.0,0.0,1127.64,1127.64,487 Main St,Credit Card,Pending,TRK79737732,3,Instagram,2024,6,June,17,Monday,0
ORD200923,2023-02-11,C91582,Printer,3,649.93,1949.79,WINTER15,0.15,292.47,1657.32,1949.79,836 Main St,Credit Card,Pending,TRK99938245,7,Facebook,2023,2,February,11,Saturday,1
ORD200924,2025-03-22,C81319,Printer,5,268.43,1342.15,SAVE10,0.1,134.22,1207.93,1342.15,991 Main St,Cash,Returned,TRK55330558,5,Email,2025,3,March,22,Saturday,1
ORD200925,2024-12-20,C78500,Monitor,5,502.47,2512.35,WINTER15,0.15,376.85,2135.5,2512.35,304 Main St,Online,Shipped,TRK97460884,10,Email,2024,12,December,20,Friday,0
ORD200926,2024-03-20,C67533,Desk,1,26.95,26.95,WINTER15,0.15,4.04,22.91,26.95,672 Main St,Cash,Delivered,TRK14566395,1,Email,2024,3,March,20,Wednesday,0
ORD200927,2023-02-14,C35566,Laptop,4,64.69,258.76,WINTER15,0.15,38.81,219.95,258.76,638 Main St,Debit Card,Shipped,TRK10003020,7,Google,2023,2,February,14,Tuesday,0
ORD200928,2024-05-09,C77166,Laptop,3,247.11,741.33,WINTER15,0.15,111.2,630.13,741.33,821 Main St,Debit Card,Returned,TRK18896595,3,Referral,2024,5,May,9,Thursday,0
ORD200929,2024-10-16,C67936,Tablet,2,536.25,1072.5,NO_COUPON,0.0,0.0,1072.5,1072.5,553 Main St,Debit Card,Pending,TRK71803414,3,Email,2024,10,October,16,Wednesday,0
ORD200930,2024-12-16,C59554,Phone,2,456.04,912.08,FREESHIP,0.0,0.0,912.08,912.08,382 Main St,Debit Card,Returned,TRK28182447,4,Email,2024,12,December,16,Monday,0
ORD200931,2024-01-01,C14005,Printer,2,40.23,80.46,SAVE10,0.1,8.05,72.41,80.46,623 Main St,Credit Card,Cancelled,TRK87567926,4,Google,2024,1,January,1,Monday,0
ORD200932,2023-03-26,C26118,Laptop,2,72.39,144.78,WINTER15,0.15,21.72,123.06,144.78,168 Main St,Online,Delivered,TRK15334251,7,Instagram,2023,3,March,26,Sunday,1
ORD200933,2023-01-26,C59685,Monitor,2,394.16,788.32,NO_COUPON,0.0,0.0,788.32,788.32,255 Main St,Online,Shipped,TRK43718093,2,Referral,2023,1,January,26,Thursday,0
ORD200934,2025-06-01,C40304,Laptop,4,119.84,479.36,FREESHIP,0.0,0.0,479.36,479.36,692 Main St,Gift Card,Shipped,TRK85790948,8,Referral,2025,6,June,1,Sunday,1
ORD200935,2023-11-24,C39593,Phone,3,692.71,2078.13,FREESHIP,0.0,0.0,2078.13,2078.13,398 Main St,Credit Card,Delivered,TRK62405253,3,Instagram,2023,11,November,24,Friday,0
ORD200936,2024-01-12,C50612,Chair,4,56.66,226.64,SAVE10,0.1,22.66,203.98,226.64,737 Main St,Online,Delivered,TRK44140968,4,Instagram,2024,1,January,12,Friday,0
ORD200937,2024-01-16,C39791,Chair,2,298.53,597.06,WINTER15,0.15,89.56,507.5,597.06,536 Main St,Debit Card,Cancelled,TRK46221436,5,Email,2024,1,January,16,Tuesday,0
ORD200938,2023-07-12,C39017,Chair,3,331.46,994.38,WINTER15,0.15,149.16,845.22,994.38,696 Main St,Credit Card,Cancelled,TRK91155214,6,Referral,2023,7,July,12,Wednesday,0
ORD200939,2025-04-16,C48510,Laptop,2,521.4,1042.8,SAVE10,0.1,104.28,938.52,1042.8,212 Main St,Cash,Delivered,TRK53152886,7,Instagram,2025,4,April,16,Wednesday,0
ORD200940,2023-03-27,C74003,Printer,4,305.32,1221.28,SAVE10,0.1,122.13,1099.15,1221.28,679 Main St,Online,Cancelled,TRK91525779,4,Google,2023,3,March,27,Monday,0
ORD200941,2023-07-17,C91155,Printer,5,111.7,558.5,FREESHIP,0.0,0.0,558.5,558.5,599 Main St,Credit Card,Cancelled,TRK82162952,9,Email,2023,7,July,17,Monday,0
ORD200942,2023-09-29,C17591,Tablet,1,479.76,479.76,NO_COUPON,0.0,0.0,479.76,479.76,882 Main St,Credit Card,Pending,TRK56070470,1,Email,2023,9,September,29,Friday,0
ORD200943,2023-12-27,C43330,Monitor,3,193.49,580.47,FREESHIP,0.0,0.0,580.47,580.47,355 Main St,Gift Card,Returned,TRK71594838,6,Facebook,2023,12,December,27,Wednesday,0
ORD200944,2024-12-16,C32687,Laptop,2,426.22,852.44,WINTER15,0.15,127.87,724.57,852.44,448 Main St,Online,Delivered,TRK98284560,7,Google,2024,12,December,16,Monday,0
ORD200945,2023-08-20,C79722,Tablet,5,276.44,1382.2,FREESHIP,0.0,0.0,1382.2,1382.2,619 Main St,Gift Card,Shipped,TRK29976438,10,Referral,2023,8,August,20,Sunday,1
ORD200946,2024-05-04,C65021,Phone,2,404.96,809.92,SAVE10,0.1,80.99,728.93,809.92,546 Main St,Cash,Shipped,TRK20626179,4,Email,2024,5,May,4,Saturday,1
ORD200947,2023-09-07,C85520,Phone,4,465.66,1862.64,FREESHIP,0.0,0.0,1862.64,1862.64,119 Main St,Online,Returned,TRK65994177,9,Email,2023,9,September,7,Thursday,0
ORD200948,2024-06-21,C94569,Phone,2,594.07,1188.14,NO_COUPON,0.0,0.0,1188.14,1188.14,739 Main St,Gift Card,Cancelled,TRK79269291,2,Google,2024,6,June,21,Friday,0
ORD200949,2023-11-09,C55778,Desk,5,110.38,551.9,NO_COUPON,0.0,0.0,551.9,551.9,319 Main St,Cash,Pending,TRK93797108,10,Referral,2023,11,November,9,Thursday,0
ORD200950,2024-05-31,C19722,Laptop,1,596.24,596.24,FREESHIP,0.0,0.0,596.24,596.24,891 Main St,Credit Card,Returned,TRK78094361,4,Instagram,2024,5,May,31,Friday,0
ORD200951,2024-07-22,C74928,Printer,2,306.24,612.48,FREESHIP,0.0,0.0,612.48,612.48,589 Main St,Online,Returned,TRK39845914,4,Email,2024,7,July,22,Monday,0
ORD200952,2025-02-27,C49111,Monitor,3,503.39,1510.17,NO_COUPON,0.0,0.0,1510.17,1510.17,225 Main St,Online,Pending,TRK45303393,5,Facebook,2025,2,February,27,Thursday,0
ORD200953,2023-02-06,C43721,Phone,1,131.61,131.61,FREESHIP,0.0,0.0,131.61,131.61,971 Main St,Cash,Shipped,TRK89392104,2,Facebook,2023,2,February,6,Monday,0
ORD200954,2024-10-22,C68609,Chair,3,443.44,1330.32,FREESHIP,0.0,0.0,1330.32,1330.32,240 Main St,Gift Card,Shipped,TRK58273778,3,Google,2024,10,October,22,Tuesday,0
ORD200955,2023-01-23,C82068,Chair,1,408.13,408.13,WINTER15,0.15,61.22,346.91,408.13,164 Main St,Gift Card,Shipped,TRK25779180,3,Instagram,2023,1,January,23,Monday,0
ORD200956,2024-04-11,C21191,Phone,2,160.98,321.96,SAVE10,0.1,32.2,289.76,321.96,381 Main St,Debit Card,Delivered,TRK86246309,3,Referral,2024,4,April,11,Thursday,0
ORD200957,2023-01-12,C73575,Monitor,5,643.89,3219.45,WINTER15,0.15,482.92,2736.53,3219.45,851 Main St,Cash,Returned,TRK23387612,8,Facebook,2023,1,January,12,Thursday,0
ORD200958,2023-05-13,C82685,Desk,3,158.66,475.98,WINTER15,0.15,71.4,404.58,475.98,537 Main St,Gift Card,Delivered,TRK70184320,7,Email,2023,5,May,13,Saturday,1
ORD200959,2024-04-13,C73996,Tablet,2,143.82,287.64,SAVE10,0.1,28.76,258.88,287.64,856 Main St,Credit Card,Returned,TRK74579570,6,Instagram,2024,4,April,13,Saturday,1
ORD200960,2023-12-11,C87687,Laptop,3,379.07,1137.21,WINTER15,0.15,170.58,966.63,1137.21,312 Main St,Gift Card,Pending,TRK60383805,3,Google,2023,12,December,11,Monday,0
ORD200961,2024-11-11,C55464,Phone,1,601.36,601.36,NO_COUPON,0.0,0.0,601.36,601.36,532 Main St,Online,Shipped,TRK81178598,1,Facebook,2024,11,November,11,Monday,0
ORD200962,2024-09-06,C12459,Phone,2,142.08,284.16,SAVE10,0.1,28.42,255.74,284.16,838 Main St,Gift Card,Delivered,TRK30674085,4,Referral,2024,9,September,6,Friday,0
ORD200963,2024-03-11,C88075,Chair,5,530.34,2651.7,FREESHIP,0.0,0.0,2651.7,2651.7,970 Main St,Online,Shipped,TRK42832976,9,Google,2024,3,March,11,Monday,0
ORD200964,2023-08-20,C18583,Phone,5,364.42,1822.1,SAVE10,0.1,182.21,1639.89,1822.1,778 Main St,Credit Card,Cancelled,TRK43084595,10,Referral,2023,8,August,20,Sunday,1
ORD200965,2025-06-18,C70412,Laptop,4,578.28,2313.12,FREESHIP,0.0,0.0,2313.12,2313.12,791 Main St,Gift Card,Cancelled,TRK22192783,5,Email,2025,6,June,18,Wednesday,0
ORD200966,2025-05-20,C58503,Monitor,5,280.52,1402.6,WINTER15,0.15,210.39,1192.21,1402.6,290 Main St,Credit Card,Cancelled,TRK12981657,7,Facebook,2025,5,May,20,Tuesday,0
ORD200967,2025-05-06,C52879,Tablet,5,638.92,3194.6,FREESHIP,0.0,0.0,3194.6,3194.6,502 Main St,Credit Card,Returned,TRK67403284,5,Google,2025,5,May,6,Tuesday,0
ORD200968,2024-02-08,C67870,Monitor,4,412.2,1648.8,WINTER15,0.15,247.32,1401.48,1648.8,664 Main St,Credit Card,Shipped,TRK72602178,6,Referral,2024,2,February,8,Thursday,0
ORD200969,2025-06-05,C19439,Desk,1,440.34,440.34,WINTER15,0.15,66.05,374.29,440.34,675 Main St,Gift Card,Shipped,TRK25383993,2,Facebook,2025,6,June,5,Thursday,0
ORD200970,2024-09-07,C72664,Desk,1,627.15,627.15,SAVE10,0.1,62.72,564.43,627.15,241 Main St,Cash,Delivered,TRK86694331,5,Instagram,2024,9,September,7,Saturday,1
ORD200971,2024-05-27,C32650,Monitor,2,605.26,1210.52,WINTER15,0.15,181.58,1028.94,1210.52,934 Main St,Cash,Cancelled,TRK66648743,4,Referral,2024,5,May,27,Monday,0
ORD200972,2024-06-09,C66438,Laptop,1,90.27,90.27,SAVE10,0.1,9.03,81.24,90.27,816 Main St,Cash,Delivered,TRK32035271,5,Facebook,2024,6,June,9,Sunday,1
ORD200973,2025-06-09,C70010,Desk,5,230.77,1153.85,WINTER15,0.15,173.08,980.77,1153.85,141 Main St,Online,Pending,TRK50594008,10,Referral,2025,6,June,9,Monday,0
ORD200974,2023-09-27,C30722,Desk,5,266.78,1333.9,NO_COUPON,0.0,0.0,1333.9,1333.9,274 Main St,Gift Card,Cancelled,TRK52088168,5,Email,2023,9,September,27,Wednesday,0
ORD200975,2023-05-18,C70529,Desk,1,105.92,105.92,SAVE10,0.1,10.59,95.33,105.92,974 Main St,Gift Card,Returned,TRK82165408,6,Email,2023,5,May,18,Thursday,0
ORD200976,2024-04-04,C18984,Tablet,3,589.3,1767.9,WINTER15,0.15,265.18,1502.72,1767.9,650 Main St,Credit Card,Returned,TRK49298239,6,Referral,2024,4,April,4,Thursday,0
ORD200977,2023-01-28,C85841,Chair,4,649.47,2597.88,SAVE10,0.1,259.79,2338.09,2597.88,608 Main St,Cash,Pending,TRK99820544,8,Google,2023,1,January,28,Saturday,1
ORD200978,2024-06-25,C41508,Printer,4,107.49,429.96,NO_COUPON,0.0,0.0,429.96,429.96,993 Main St,Cash,Delivered,TRK61047536,5,Google,2024,6,June,25,Tuesday,0
ORD200979,2023-05-31,C75018,Monitor,3,669.06,2007.18,SAVE10,0.1,200.72,1806.46,2007.18,299 Main St,Cash,Delivered,TRK51794806,7,Facebook,2023,5,May,31,Wednesday,0
ORD200980,2023-10-14,C84320,Chair,3,69.65,208.95,WINTER15,0.15,31.34,177.61,208.95,107 Main St,Cash,Delivered,TRK81093218,7,Instagram,2023,10,October,14,Saturday,1
ORD200981,2023-11-26,C12609,Phone,4,136.83,547.32,SAVE10,0.1,54.73,492.59,547.32,490 Main St,Debit Card,Pending,TRK56379337,8,Email,2023,11,November,26,Sunday,1
ORD200982,2024-09-06,C64935,Monitor,1,304.11,304.11,SAVE10,0.1,30.41,273.7,304.11,707 Main St,Gift Card,Shipped,TRK42969065,2,Referral,2024,9,September,6,Friday,0
ORD200983,2024-11-24,C67528,Monitor,4,296.28,1185.12,SAVE10,0.1,118.51,1066.61,1185.12,110 Main St,Gift Card,Shipped,TRK60865210,5,Email,2024,11,November,24,Sunday,1
ORD200984,2025-02-28,C44176,Desk,1,77.64,77.64,FREESHIP,0.0,0.0,77.64,77.64,706 Main St,Credit Card,Shipped,TRK68704764,1,Facebook,2025,2,February,28,Friday,0
ORD200985,2024-07-20,C92788,Desk,1,243.71,243.71,SAVE10,0.1,24.37,219.34,243.71,948 Main St,Gift Card,Delivered,TRK83835361,6,Google,2024,7,July,20,Saturday,1
ORD200986,2024-09-07,C69213,Laptop,4,644.96,2579.84,FREESHIP,0.0,0.0,2579.84,2579.84,533 Main St,Credit Card,Pending,TRK67837331,7,Email,2024,9,September,7,Saturday,1
ORD200987,2025-06-05,C67387,Phone,5,283.73,1418.65,FREESHIP,0.0,0.0,1418.65,1418.65,436 Main St,Gift Card,Pending,TRK54120003,8,Instagram,2025,6,June,5,Thursday,0
ORD200988,2025-02-04,C90318,Desk,2,629.56,1259.12,WINTER15,0.15,188.87,1070.25,1259.12,818 Main St,Gift Card,Cancelled,TRK52765043,5,Instagram,2025,2,February,4,Tuesday,0
ORD200989,2023-03-23,C49995,Laptop,4,246.11,984.44,SAVE10,0.1,98.44,886.0,984.44,559 Main St,Credit Card,Pending,TRK33212013,4,Instagram,2023,3,March,23,Thursday,0
ORD200990,2023-11-19,C52313,Phone,2,418.26,836.52,SAVE10,0.1,83.65,752.87,836.52,913 Main St,Debit Card,Pending,TRK67368559,2,Google,2023,11,November,19,Sunday,1
ORD200991,2024-05-09,C10211,Desk,5,127.18,635.9,FREESHIP,0.0,0.0,635.9,635.9,598 Main St,Debit Card,Cancelled,TRK68938335,10,Google,2024,5,May,9,Thursday,0
ORD200992,2024-08-27,C97907,Printer,3,586.21,1758.63,WINTER15,0.15,263.79,1494.84,1758.63,933 Main St,Gift Card,Pending,TRK89637569,4,Referral,2024,8,August,27,Tuesday,0
ORD200993,2024-04-06,C61384,Monitor,3,267.45,802.35,WINTER15,0.15,120.35,682.0,802.35,576 Main St,Gift Card,Delivered,TRK33323210,5,Instagram,2024,4,April,6,Saturday,1
ORD200994,2024-06-27,C27613,Tablet,4,615.65,2462.6,WINTER15,0.15,369.39,2093.21,2462.6,971 Main St,Debit Card,Delivered,TRK63701318,9,Google,2024,6,June,27,Thursday,0
ORD200995,2023-11-18,C99271,Monitor,2,113.29,226.58,SAVE10,0.1,22.66,203.92,226.58,959 Main St,Cash,Pending,TRK87832736,5,Facebook,2023,11,November,18,Saturday,1
ORD200996,2024-04-28,C28648,Monitor,4,473.86,1895.44,SAVE10,0.1,189.54,1705.9,1895.44,101 Main St,Debit Card,Delivered,TRK92240846,7,Facebook,2024,4,April,28,Sunday,1
ORD200997,2023-11-27,C26210,Laptop,3,444.75,1334.25,SAVE10,0.1,133.43,1200.82,1334.25,805 Main St,Cash,Delivered,TRK40616861,6,Facebook,2023,11,November,27,Monday,0
ORD200998,2023-05-19,C90350,Phone,2,183.67,367.34,SAVE10,0.1,36.73,330.61,367.34,783 Main St,Debit Card,Cancelled,TRK22824230,6,Google,2023,5,May,19,Friday,0
ORD200999,2023-12-24,C61957,Printer,1,483.38,483.38,FREESHIP,0.0,0.0,483.38,483.38,652 Main St,Cash,Pending,TRK43983841,6,Google,2023,12,December,24,Sunday,1
ORD201000,2023-06-21,C90132,Printer,5,260.93,1304.65,SAVE10,0.1,130.46,1174.19,1304.65,582 Main St,Online,Delivered,TRK52664903,9,Email,2023,6,June,21,Wednesday,0
ORD201001,2023-12-08,C31371,Printer,2,253.68,507.36,NO_COUPON,0.0,0.0,507.36,507.36,122 Main St,Gift Card,Shipped,TRK19554327,6,Referral,2023,12,December,8,Friday,0
ORD201002,2025-06-19,C83911,Tablet,4,699.88,2799.52,WINTER15,0.15,419.93,2379.59,2799.52,944 Main St,Cash,Pending,TRK33188106,5,Referral,2025,6,June,19,Thursday,0
ORD201003,2023-01-11,C84700,Printer,5,319.97,1599.85,SAVE10,0.1,159.99,1439.86,1599.85,582 Main St,Cash,Shipped,TRK14706969,7,Google,2023,1,January,11,Wednesday,0
ORD201004,2025-06-09,C87529,Chair,4,246.91,987.64,SAVE10,0.1,98.76,888.88,987.64,296 Main St,Online,Pending,TRK15739505,8,Referral,2025,6,June,9,Monday,0
ORD201005,2023-03-02,C38065,Printer,3,392.85,1178.55,NO_COUPON,0.0,0.0,1178.55,1178.55,426 Main St,Credit Card,Returned,TRK11448295,6,Google,2023,3,March,2,Thursday,0
ORD201006,2024-05-27,C27435,Tablet,5,420.98,2104.9,SAVE10,0.1,210.49,1894.41,2104.9,860 Main St,Cash,Delivered,TRK91458233,7,Facebook,2024,5,May,27,Monday,0
ORD201007,2024-03-20,C46651,Monitor,2,73.26,146.52,WINTER15,0.15,21.98,124.54,146.52,839 Main St,Cash,Pending,TRK60444502,4,Facebook,2024,3,March,20,Wednesday,0
ORD201008,2023-01-13,C62557,Monitor,3,410.88,1232.64,FREESHIP,0.0,0.0,1232.64,1232.64,257 Main St,Cash,Delivered,TRK12742366,8,Instagram,2023,1,January,13,Friday,0
ORD201009,2023-09-02,C54494,Tablet,2,176.46,352.92,FREESHIP,0.0,0.0,352.92,352.92,696 Main St,Credit Card,Delivered,TRK95958645,2,Email,2023,9,September,2,Saturday,1
ORD201010,2023-03-31,C33729,Monitor,3,659.57,1978.71,SAVE10,0.1,197.87,1780.84,1978.71,533 Main St,Credit Card,Cancelled,TRK35649833,6,Email,2023,3,March,31,Friday,0
ORD201011,2024-12-03,C47823,Phone,2,478.36,956.72,NO_COUPON,0.0,0.0,956.72,956.72,654 Main St,Online,Shipped,TRK22271097,3,Google,2024,12,December,3,Tuesday,0
ORD201012,2024-12-03,C84570,Printer,4,30.05,120.2,NO_COUPON,0.0,0.0,120.2,120.2,301 Main St,Online,Returned,TRK12551882,6,Facebook,2024,12,December,3,Tuesday,0
ORD201013,2025-04-26,C91123,Laptop,4,300.56,1202.24,FREESHIP,0.0,0.0,1202.24,1202.24,842 Main St,Cash,Cancelled,TRK49568409,9,Facebook,2025,4,April,26,Saturday,1
ORD201014,2024-02-04,C92548,Tablet,5,226.45,1132.25,FREESHIP,0.0,0.0,1132.25,1132.25,160 Main St,Debit Card,Returned,TRK21682892,6,Email,2024,2,February,4,Sunday,1
ORD201015,2024-01-26,C97454,Printer,2,349.4,698.8,SAVE10,0.1,69.88,628.92,698.8,892 Main St,Online,Shipped,TRK73249329,2,Instagram,2024,1,January,26,Friday,0
ORD201016,2023-12-29,C20257,Tablet,5,268.78,1343.9,WINTER15,0.15,201.58,1142.32,1343.9,669 Main St,Debit Card,Delivered,TRK62135578,7,Email,2023,12,December,29,Friday,0
ORD201017,2024-08-25,C51694,Chair,2,680.85,1361.7,FREESHIP,0.0,0.0,1361.7,1361.7,953 Main St,Gift Card,Delivered,TRK83122112,6,Referral,2024,8,August,25,Sunday,1
ORD201018,2023-07-08,C77499,Laptop,3,182.48,547.44,NO_COUPON,0.0,0.0,547.44,547.44,209 Main St,Cash,Delivered,TRK20703086,3,Instagram,2023,7,July,8,Saturday,1
ORD201019,2024-04-06,C28386,Desk,1,277.09,277.09,SAVE10,0.1,27.71,249.38,277.09,293 Main St,Cash,Returned,TRK32954229,2,Referral,2024,4,April,6,Saturday,1
ORD201020,2024-04-22,C50211,Tablet,2,26.5,53.0,SAVE10,0.1,5.3,47.7,53.0,312 Main St,Online,Delivered,TRK47787981,3,Instagram,2024,4,April,22,Monday,0
ORD201021,2023-10-23,C74519,Phone,3,315.27,945.81,SAVE10,0.1,94.58,851.23,945.81,309 Main St,Credit Card,Cancelled,TRK97351945,4,Email,2023,10,October,23,Monday,0
ORD201022,2025-02-24,C19071,Tablet,3,450.98,1352.94,SAVE10,0.1,135.29,1217.65,1352.94,396 Main St,Credit Card,Shipped,TRK66537096,8,Referral,2025,2,February,24,Monday,0
ORD201023,2024-09-23,C65251,Laptop,5,233.67,1168.35,NO_COUPON,0.0,0.0,1168.35,1168.35,291 Main St,Cash,Shipped,TRK32059025,10,Referral,2024,9,September,23,Monday,0
ORD201024,2024-01-29,C90612,Chair,3,367.75,1103.25,FREESHIP,0.0,0.0,1103.25,1103.25,731 Main St,Cash,Pending,TRK93022878,7,Facebook,2024,1,January,29,Monday,0
ORD201025,2025-05-17,C28406,Chair,1,23.53,23.53,FREESHIP,0.0,0.0,23.53,23.53,174 Main St,Gift Card,Delivered,TRK98841457,2,Instagram,2025,5,May,17,Saturday,1
ORD201026,2023-05-01,C55454,Monitor,1,677.48,677.48,WINTER15,0.15,101.62,575.86,677.48,807 Main St,Online,Delivered,TRK13281370,1,Facebook,2023,5,May,1,Monday,0
ORD201027,2024-05-21,C93467,Laptop,4,554.83,2219.32,NO_COUPON,0.0,0.0,2219.32,2219.32,983 Main St,Cash,Returned,TRK77377373,6,Google,2024,5,May,21,Tuesday,0
ORD201028,2023-02-17,C60042,Desk,4,440.31,1761.24,NO_COUPON,0.0,0.0,1761.24,1761.24,610 Main St,Cash,Cancelled,TRK84651559,6,Instagram,2023,2,February,17,Friday,0
ORD201029,2025-03-01,C44733,Desk,1,87.06,87.06,FREESHIP,0.0,0.0,87.06,87.06,851 Main St,Credit Card,Shipped,TRK41500198,4,Email,2025,3,March,1,Saturday,1
ORD201030,2023-10-02,C61773,Phone,4,245.28,981.12,WINTER15,0.15,147.17,833.95,981.12,176 Main St,Credit Card,Delivered,TRK12936357,6,Email,2023,10,October,2,Monday,0
ORD201031,2023-02-28,C59183,Phone,5,664.51,3322.55,SAVE10,0.1,332.26,2990.29,3322.55,136 Main St,Debit Card,Pending,TRK18129706,8,Email,2023,2,February,28,Tuesday,0
ORD201032,2023-04-20,C26188,Chair,1,618.68,618.68,WINTER15,0.15,92.8,525.88,618.68,990 Main St,Online,Delivered,TRK61634201,6,Referral,2023,4,April,20,Thursday,0
ORD201033,2024-12-24,C20338,Monitor,1,370.85,370.85,FREESHIP,0.0,0.0,370.85,370.85,331 Main St,Gift Card,Delivered,TRK30654048,2,Referral,2024,12,December,24,Tuesday,0
ORD201034,2024-06-16,C84524,Printer,4,517.98,2071.92,FREESHIP,0.0,0.0,2071.92,2071.92,766 Main St,Cash,Cancelled,TRK76751888,8,Facebook,2024,6,June,16,Sunday,1
ORD201035,2023-11-12,C70315,Laptop,4,506.11,2024.44,NO_COUPON,0.0,0.0,2024.44,2024.44,911 Main St,Cash,Cancelled,TRK97732085,5,Referral,2023,11,November,12,Sunday,1
ORD201036,2024-05-31,C98278,Phone,3,413.83,1241.49,SAVE10,0.1,124.15,1117.34,1241.49,552 Main St,Gift Card,Shipped,TRK49684737,8,Facebook,2024,5,May,31,Friday,0
ORD201037,2023-12-13,C32347,Printer,1,249.81,249.81,SAVE10,0.1,24.98,224.83,249.81,408 Main St,Cash,Pending,TRK54073964,1,Google,2023,12,December,13,Wednesday,0
ORD201038,2025-03-15,C77961,Tablet,3,362.53,1087.59,NO_COUPON,0.0,0.0,1087.59,1087.59,422 Main St,Debit Card,Returned,TRK28969024,5,Facebook,2025,3,March,15,Saturday,1
ORD201039,2025-06-28,C49137,Desk,2,299.23,598.46,WINTER15,0.15,89.77,508.69,598.46,177 Main St,Credit Card,Cancelled,TRK79362428,2,Instagram,2025,6,June,28,Saturday,1
ORD201040,2023-11-15,C13169,Tablet,1,536.07,536.07,FREESHIP,0.0,0.0,536.07,536.07,932 Main St,Debit Card,Delivered,TRK66288666,5,Google,2023,11,November,15,Wednesday,0
ORD201041,2023-02-11,C21167,Monitor,4,558.9,2235.6,WINTER15,0.15,335.34,1900.26,2235.6,948 Main St,Gift Card,Shipped,TRK97737564,9,Google,2023,2,February,11,Saturday,1
ORD201042,2024-12-09,C59724,Tablet,2,409.75,819.5,WINTER15,0.15,122.92,696.58,819.5,414 Main St,Debit Card,Shipped,TRK67878272,2,Facebook,2024,12,December,9,Monday,0
ORD201043,2025-01-11,C43965,Tablet,2,179.96,359.92,NO_COUPON,0.0,0.0,359.92,359.92,675 Main St,Gift Card,Shipped,TRK94346739,5,Instagram,2025,1,January,11,Saturday,1
ORD201044,2025-06-22,C63018,Printer,1,38.49,38.49,FREESHIP,0.0,0.0,38.49,38.49,215 Main St,Credit Card,Delivered,TRK52335337,4,Referral,2025,6,June,22,Sunday,1
ORD201045,2024-09-20,C11893,Laptop,5,316.4,1582.0,NO_COUPON,0.0,0.0,1582.0,1582.0,671 Main St,Gift Card,Returned,TRK72012758,7,Email,2024,9,September,20,Friday,0
ORD201046,2024-10-07,C85421,Tablet,3,547.15,1641.45,WINTER15,0.15,246.22,1395.23,1641.45,466 Main St,Online,Shipped,TRK16524006,4,Instagram,2024,10,October,7,Monday,0
ORD201047,2023-06-23,C81726,Chair,4,540.34,2161.36,WINTER15,0.15,324.2,1837.16,2161.36,394 Main St,Gift Card,Shipped,TRK69872994,6,Referral,2023,6,June,23,Friday,0
ORD201048,2024-09-09,C57601,Monitor,4,73.65,294.6,NO_COUPON,0.0,0.0,294.6,294.6,889 Main St,Debit Card,Shipped,TRK21153699,9,Google,2024,9,September,9,Monday,0
ORD201049,2024-07-18,C60575,Desk,5,391.86,1959.3,NO_COUPON,0.0,0.0,1959.3,1959.3,587 Main St,Credit Card,Shipped,TRK44468232,6,Instagram,2024,7,July,18,Thursday,0
ORD201050,2023-08-20,C70659,Laptop,5,69.7,348.5,NO_COUPON,0.0,0.0,348.5,348.5,722 Main St,Online,Returned,TRK49663597,9,Instagram,2023,8,August,20,Sunday,1
ORD201051,2025-03-05,C35043,Monitor,5,26.43,132.15,FREESHIP,0.0,0.0,132.15,132.15,820 Main St,Gift Card,Shipped,TRK65097450,5,Facebook,2025,3,March,5,Wednesday,0
ORD201052,2023-09-11,C12301,Tablet,1,531.74,531.74,WINTER15,0.15,79.76,451.98,531.74,493 Main St,Online,Shipped,TRK25145796,1,Google,2023,9,September,11,Monday,0
ORD201053,2024-09-15,C32798,Phone,2,496.62,993.24,SAVE10,0.1,99.32,893.92,993.24,679 Main St,Online,Pending,TRK37375451,2,Instagram,2024,9,September,15,Sunday,1
ORD201054,2023-11-29,C42949,Printer,1,660.66,660.66,WINTER15,0.15,99.1,561.56,660.66,447 Main St,Debit Card,Delivered,TRK46415143,3,Instagram,2023,11,November,29,Wednesday,0
ORD201055,2023-10-23,C10787,Monitor,4,274.82,1099.28,WINTER15,0.15,164.89,934.39,1099.28,932 Main St,Debit Card,Delivered,TRK91512567,9,Email,2023,10,October,23,Monday,0
ORD201056,2024-06-14,C26152,Phone,2,486.35,972.7,SAVE10,0.1,97.27,875.43,972.7,790 Main St,Online,Pending,TRK49382455,6,Referral,2024,6,June,14,Friday,0
ORD201057,2024-09-24,C46210,Laptop,3,428.88,1286.64,WINTER15,0.15,193.0,1093.64,1286.64,535 Main St,Debit Card,Shipped,TRK81611937,3,Facebook,2024,9,September,24,Tuesday,0
ORD201058,2023-09-08,C32943,Desk,2,412.14,824.28,FREESHIP,0.0,0.0,824.28,824.28,127 Main St,Credit Card,Returned,TRK26949106,2,Instagram,2023,9,September,8,Friday,0
ORD201059,2024-09-22,C73629,Desk,1,265.64,265.64,WINTER15,0.15,39.85,225.79,265.64,601 Main St,Credit Card,Returned,TRK11492924,3,Instagram,2024,9,September,22,Sunday,1
ORD201060,2024-05-07,C38024,Tablet,2,273.43,546.86,WINTER15,0.15,82.03,464.83,546.86,824 Main St,Cash,Shipped,TRK93370912,7,Referral,2024,5,May,7,Tuesday,0
ORD201061,2025-01-29,C25445,Laptop,5,131.7,658.5,FREESHIP,0.0,0.0,658.5,658.5,830 Main St,Cash,Shipped,TRK12402431,8,Google,2025,1,January,29,Wednesday,0
ORD201062,2023-08-23,C13501,Chair,5,85.52,427.6,NO_COUPON,0.0,0.0,427.6,427.6,301 Main St,Gift Card,Cancelled,TRK65149372,5,Facebook,2023,8,August,23,Wednesday,0
ORD201063,2024-06-19,C42108,Desk,2,320.68,641.36,FREESHIP,0.0,0.0,641.36,641.36,336 Main St,Credit Card,Shipped,TRK58407918,5,Referral,2024,6,June,19,Wednesday,0
ORD201064,2025-02-12,C32121,Laptop,4,198.81,795.24,FREESHIP,0.0,0.0,795.24,795.24,654 Main St,Cash,Returned,TRK96074264,9,Referral,2025,2,February,12,Wednesday,0
ORD201065,2023-10-30,C47778,Printer,5,666.8,3334.0,SAVE10,0.1,333.4,3000.6,3334.0,488 Main St,Debit Card,Delivered,TRK79504329,7,Referral,2023,10,October,30,Monday,0
ORD201066,2023-12-20,C10791,Desk,1,355.09,355.09,SAVE10,0.1,35.51,319.58,355.09,674 Main St,Debit Card,Cancelled,TRK20321248,5,Instagram,2023,12,December,20,Wednesday,0
ORD201067,2023-06-06,C78959,Phone,2,316.2,632.4,NO_COUPON,0.0,0.0,632.4,632.4,384 Main St,Online,Returned,TRK37426359,2,Instagram,2023,6,June,6,Tuesday,0
ORD201068,2024-08-03,C29914,Laptop,1,133.39,133.39,SAVE10,0.1,13.34,120.05,133.39,469 Main St,Debit Card,Shipped,TRK22073506,2,Referral,2024,8,August,3,Saturday,1
ORD201069,2023-02-25,C70506,Monitor,1,454.23,454.23,NO_COUPON,0.0,0.0,454.23,454.23,255 Main St,Gift Card,Returned,TRK12518384,3,Facebook,2023,2,February,25,Saturday,1
ORD201070,2024-09-06,C46873,Desk,4,491.29,1965.16,NO_COUPON,0.0,0.0,1965.16,1965.16,496 Main St,Debit Card,Pending,TRK10926575,6,Email,2024,9,September,6,Friday,0
ORD201071,2025-06-24,C94037,Phone,2,255.14,510.28,NO_COUPON,0.0,0.0,510.28,510.28,216 Main St,Cash,Shipped,TRK47536985,2,Google,2025,6,June,24,Tuesday,0
ORD201072,2023-02-26,C88644,Monitor,1,392.61,392.61,SAVE10,0.1,39.26,353.35,392.61,977 Main St,Gift Card,Cancelled,TRK14900878,4,Referral,2023,2,February,26,Sunday,1
ORD201073,2024-10-11,C69471,Tablet,4,362.06,1448.24,NO_COUPON,0.0,0.0,1448.24,1448.24,294 Main St,Debit Card,Returned,TRK11107152,4,Facebook,2024,10,October,11,Friday,0
ORD201074,2024-05-10,C21437,Phone,1,222.73,222.73,NO_COUPON,0.0,0.0,222.73,222.73,120 Main St,Online,Returned,TRK81624772,4,Google,2024,5,May,10,Friday,0
ORD201075,2024-08-31,C40949,Monitor,2,552.63,1105.26,WINTER15,0.15,165.79,939.47,1105.26,609 Main St,Debit Card,Delivered,TRK43066749,7,Instagram,2024,8,August,31,Saturday,1
ORD201076,2023-05-08,C99116,Laptop,4,686.61,2746.44,NO_COUPON,0.0,0.0,2746.44,2746.44,176 Main St,Cash,Shipped,TRK52711973,6,Referral,2023,5,May,8,Monday,0
ORD201077,2025-03-07,C57861,Printer,3,305.16,915.48,SAVE10,0.1,91.55,823.93,915.48,115 Main St,Credit Card,Cancelled,TRK47775217,8,Referral,2025,3,March,7,Friday,0
ORD201078,2023-03-18,C62627,Desk,1,41.09,41.09,WINTER15,0.15,6.16,34.93,41.09,881 Main St,Online,Returned,TRK90060232,4,Email,2023,3,March,18,Saturday,1
ORD201079,2024-06-20,C89979,Phone,5,634.0,3170.0,NO_COUPON,0.0,0.0,3170.0,3170.0,144 Main St,Gift Card,Delivered,TRK99055909,8,Email,2024,6,June,20,Thursday,0
ORD201080,2023-01-20,C70613,Laptop,5,464.74,2323.7,NO_COUPON,0.0,0.0,2323.7,2323.7,438 Main St,Gift Card,Delivered,TRK33140293,7,Referral,2023,1,January,20,Friday,0
ORD201081,2023-04-21,C55636,Monitor,4,425.6,1702.4,FREESHIP,0.0,0.0,1702.4,1702.4,494 Main St,Credit Card,Pending,TRK85897054,5,Google,2023,4,April,21,Friday,0
ORD201082,2023-10-06,C96595,Chair,3,573.22,1719.66,SAVE10,0.1,171.97,1547.69,1719.66,177 Main St,Debit Card,Pending,TRK59779174,5,Email,2023,10,October,6,Friday,0
ORD201083,2024-07-09,C68508,Chair,1,123.28,123.28,SAVE10,0.1,12.33,110.95,123.28,895 Main St,Credit Card,Delivered,TRK98960285,3,Email,2024,7,July,9,Tuesday,0
ORD201084,2023-01-08,C45175,Phone,1,70.82,70.82,WINTER15,0.15,10.62,60.2,70.82,128 Main St,Gift Card,Pending,TRK41792296,1,Instagram,2023,1,January,8,Sunday,1
ORD201085,2023-05-21,C28049,Printer,2,646.69,1293.38,WINTER15,0.15,194.01,1099.37,1293.38,404 Main St,Debit Card,Shipped,TRK91426444,7,Instagram,2023,5,May,21,Sunday,1
ORD201086,2023-12-23,C46967,Tablet,2,513.42,1026.84,WINTER15,0.15,154.03,872.81,1026.84,401 Main St,Online,Pending,TRK91439791,5,Instagram,2023,12,December,23,Saturday,1
ORD201087,2025-03-23,C84134,Laptop,4,693.07,2772.28,SAVE10,0.1,277.23,2495.05,2772.28,530 Main St,Online,Shipped,TRK48659380,8,Instagram,2025,3,March,23,Sunday,1
ORD201088,2023-11-30,C49831,Desk,3,491.43,1474.29,WINTER15,0.15,221.14,1253.15,1474.29,213 Main St,Gift Card,Shipped,TRK21232601,6,Instagram,2023,11,November,30,Thursday,0
ORD201089,2025-03-15,C13324,Tablet,2,599.74,1199.48,NO_COUPON,0.0,0.0,1199.48,1199.48,440 Main St,Gift Card,Shipped,TRK66967997,2,Instagram,2025,3,March,15,Saturday,1
ORD201090,2023-02-25,C61225,Monitor,2,650.25,1300.5,NO_COUPON,0.0,0.0,1300.5,1300.5,996 Main St,Gift Card,Returned,TRK37022954,6,Instagram,2023,2,February,25,Saturday,1
ORD201091,2024-10-08,C16400,Laptop,3,209.48,628.44,NO_COUPON,0.0,0.0,628.44,628.44,123 Main St,Debit Card,Pending,TRK57771859,4,Email,2024,10,October,8,Tuesday,0
ORD201092,2023-08-21,C38642,Laptop,5,209.2,1046.0,WINTER15,0.15,156.9,889.1,1046.0,930 Main St,Debit Card,Delivered,TRK47744396,6,Email,2023,8,August,21,Monday,0
ORD201093,2023-06-09,C86773,Phone,4,197.36,789.44,FREESHIP,0.0,0.0,789.44,789.44,557 Main St,Gift Card,Returned,TRK22612240,9,Instagram,2023,6,June,9,Friday,0
ORD201094,2023-06-28,C66093,Printer,4,648.91,2595.64,SAVE10,0.1,259.56,2336.08,2595.64,615 Main St,Credit Card,Shipped,TRK54950785,6,Instagram,2023,6,June,28,Wednesday,0
ORD201095,2024-04-23,C33051,Phone,2,441.54,883.08,SAVE10,0.1,88.31,794.77,883.08,397 Main St,Online,Delivered,TRK92929755,2,Email,2024,4,April,23,Tuesday,0
ORD201096,2025-05-03,C18169,Tablet,2,464.92,929.84,NO_COUPON,0.0,0.0,929.84,929.84,782 Main St,Debit Card,Returned,TRK49482923,2,Facebook,2025,5,May,3,Saturday,1
ORD201097,2024-12-26,C81370,Monitor,5,506.45,2532.25,WINTER15,0.15,379.84,2152.41,2532.25,344 Main St,Gift Card,Shipped,TRK99682998,7,Google,2024,12,December,26,Thursday,0
ORD201098,2023-06-17,C91103,Monitor,4,255.86,1023.44,NO_COUPON,0.0,0.0,1023.44,1023.44,155 Main St,Credit Card,Delivered,TRK91653000,7,Email,2023,6,June,17,Saturday,1
ORD201099,2024-09-19,C21953,Laptop,2,125.23,250.46,FREESHIP,0.0,0.0,250.46,250.46,272 Main St,Cash,Cancelled,TRK60774796,3,Email,2024,9,September,19,Thursday,0
ORD201100,2023-08-17,C15146,Laptop,5,38.11,190.55,WINTER15,0.15,28.58,161.97,190.55,428 Main St,Debit Card,Cancelled,TRK79790530,6,Instagram,2023,8,August,17,Thursday,0
ORD201101,2025-06-08,C43546,Monitor,3,161.97,485.91,SAVE10,0.1,48.59,437.32,485.91,904 Main St,Cash,Pending,TRK85871121,4,Email,2025,6,June,8,Sunday,1
ORD201102,2024-06-03,C98474,Chair,4,347.17,1388.68,NO_COUPON,0.0,0.0,1388.68,1388.68,997 Main St,Debit Card,Shipped,TRK86192984,8,Instagram,2024,6,June,3,Monday,0
ORD201103,2023-04-24,C90292,Laptop,4,276.32,1105.28,NO_COUPON,0.0,0.0,1105.28,1105.28,129 Main St,Online,Delivered,TRK26270357,5,Google,2023,4,April,24,Monday,0
ORD201104,2024-07-25,C17075,Tablet,4,314.76,1259.04,NO_COUPON,0.0,0.0,1259.04,1259.04,850 Main St,Online,Shipped,TRK63547510,8,Instagram,2024,7,July,25,Thursday,0
ORD201105,2024-01-08,C12487,Tablet,3,475.69,1427.07,FREESHIP,0.0,0.0,1427.07,1427.07,884 Main St,Gift Card,Cancelled,TRK23324770,3,Google,2024,1,January,8,Monday,0
ORD201106,2023-03-12,C34555,Chair,1,372.8,372.8,SAVE10,0.1,37.28,335.52,372.8,903 Main St,Cash,Cancelled,TRK72859458,6,Facebook,2023,3,March,12,Sunday,1
ORD201107,2025-06-30,C25110,Tablet,2,63.21,126.42,SAVE10,0.1,12.64,113.78,126.42,282 Main St,Online,Cancelled,TRK80963328,4,Google,2025,6,June,30,Monday,0
ORD201108,2023-03-20,C35136,Laptop,1,634.94,634.94,WINTER15,0.15,95.24,539.7,634.94,462 Main St,Online,Cancelled,TRK49753703,5,Instagram,2023,3,March,20,Monday,0
ORD201109,2024-04-08,C62277,Printer,4,77.47,309.88,SAVE10,0.1,30.99,278.89,309.88,474 Main St,Gift Card,Returned,TRK32026174,7,Instagram,2024,4,April,8,Monday,0
ORD201110,2024-02-25,C12472,Chair,3,84.31,252.93,SAVE10,0.1,25.29,227.64,252.93,912 Main St,Credit Card,Shipped,TRK36103184,3,Email,2024,2,February,25,Sunday,1
ORD201111,2023-05-06,C24047,Monitor,4,234.45,937.8,FREESHIP,0.0,0.0,937.8,937.8,362 Main St,Online,Cancelled,TRK91338580,9,Instagram,2023,5,May,6,Saturday,1
ORD201112,2023-10-13,C76929,Desk,1,356.81,356.81,WINTER15,0.15,53.52,303.29,356.81,563 Main St,Online,Delivered,TRK80694400,1,Instagram,2023,10,October,13,Friday,0
ORD201113,2023-03-19,C52914,Desk,4,209.99,839.96,NO_COUPON,0.0,0.0,839.96,839.96,168 Main St,Cash,Delivered,TRK80819053,8,Google,2023,3,March,19,Sunday,1
ORD201114,2023-03-16,C55164,Tablet,3,659.88,1979.64,NO_COUPON,0.0,0.0,1979.64,1979.64,609 Main St,Gift Card,Cancelled,TRK79610967,3,Google,2023,3,March,16,Thursday,0
ORD201115,2025-06-20,C70426,Laptop,2,336.32,672.64,NO_COUPON,0.0,0.0,672.64,672.64,562 Main St,Online,Returned,TRK89687816,3,Google,2025,6,June,20,Friday,0
ORD201116,2023-10-14,C69149,Printer,2,531.49,1062.98,WINTER15,0.15,159.45,903.53,1062.98,562 Main St,Credit Card,Delivered,TRK61265132,7,Facebook,2023,10,October,14,Saturday,1
ORD201117,2024-05-20,C78684,Chair,3,588.44,1765.32,WINTER15,0.15,264.8,1500.52,1765.32,858 Main St,Gift Card,Shipped,TRK95779073,8,Google,2024,5,May,20,Monday,0
ORD201118,2024-05-24,C58168,Phone,3,251.48,754.44,NO_COUPON,0.0,0.0,754.44,754.44,359 Main St,Credit Card,Returned,TRK99102265,4,Email,2024,5,May,24,Friday,0
ORD201119,2024-11-24,C99024,Laptop,1,684.65,684.65,FREESHIP,0.0,0.0,684.65,684.65,250 Main St,Credit Card,Delivered,TRK24675988,1,Email,2024,11,November,24,Sunday,1
ORD201120,2025-05-10,C22919,Tablet,1,195.86,195.86,NO_COUPON,0.0,0.0,195.86,195.86,267 Main St,Online,Pending,TRK82416295,3,Facebook,2025,5,May,10,Saturday,1
ORD201121,2023-05-28,C98354,Phone,3,50.34,151.02,FREESHIP,0.0,0.0,151.02,151.02,393 Main St,Gift Card,Returned,TRK43070888,3,Instagram,2023,5,May,28,Sunday,1
ORD201122,2023-06-07,C38840,Monitor,5,678.19,3390.95,NO_COUPON,0.0,0.0,3390.95,3390.95,766 Main St,Online,Returned,TRK32496970,8,Facebook,2023,6,June,7,Wednesday,0
ORD201123,2023-04-14,C68936,Tablet,3,554.25,1662.75,WINTER15,0.15,249.41,1413.34,1662.75,843 Main St,Debit Card,Shipped,TRK73163634,6,Referral,2023,4,April,14,Friday,0
ORD201124,2023-05-09,C33744,Chair,4,576.87,2307.48,NO_COUPON,0.0,0.0,2307.48,2307.48,888 Main St,Gift Card,Returned,TRK40245983,5,Instagram,2023,5,May,9,Tuesday,0
ORD201125,2023-10-16,C23555,Desk,4,408.36,1633.44,FREESHIP,0.0,0.0,1633.44,1633.44,156 Main St,Gift Card,Cancelled,TRK67210247,4,Referral,2023,10,October,16,Monday,0
ORD201126,2024-07-22,C34337,Phone,5,190.11,950.55,SAVE10,0.1,95.06,855.49,950.55,325 Main St,Cash,Delivered,TRK36195559,7,Google,2024,7,July,22,Monday,0
ORD201127,2025-03-15,C69396,Printer,3,602.75,1808.25,SAVE10,0.1,180.82,1627.43,1808.25,920 Main St,Credit Card,Shipped,TRK33155049,6,Email,2025,3,March,15,Saturday,1
ORD201128,2023-08-17,C49198,Monitor,3,646.79,1940.37,WINTER15,0.15,291.06,1649.31,1940.37,447 Main St,Cash,Cancelled,TRK10883354,5,Google,2023,8,August,17,Thursday,0
ORD201129,2023-06-11,C43911,Chair,4,418.71,1674.84,FREESHIP,0.0,0.0,1674.84,1674.84,239 Main St,Cash,Pending,TRK37495481,8,Instagram,2023,6,June,11,Sunday,1
ORD201130,2025-02-16,C24347,Laptop,2,323.45,646.9,FREESHIP,0.0,0.0,646.9,646.9,533 Main St,Credit Card,Returned,TRK27233265,5,Instagram,2025,2,February,16,Sunday,1
ORD201131,2024-07-18,C21043,Phone,1,694.5,694.5,WINTER15,0.15,104.18,590.32,694.5,195 Main St,Credit Card,Pending,TRK41691086,3,Facebook,2024,7,July,18,Thursday,0
ORD201132,2024-12-02,C58858,Chair,2,337.32,674.64,SAVE10,0.1,67.46,607.18,674.64,948 Main St,Credit Card,Cancelled,TRK30406357,4,Email,2024,12,December,2,Monday,0
ORD201133,2024-04-09,C20670,Printer,2,467.91,935.82,WINTER15,0.15,140.37,795.45,935.82,432 Main St,Gift Card,Returned,TRK76731303,5,Facebook,2024,4,April,9,Tuesday,0
ORD201134,2024-06-08,C90993,Desk,4,38.28,153.12,WINTER15,0.15,22.97,130.15,153.12,950 Main St,Debit Card,Cancelled,TRK53964711,4,Facebook,2024,6,June,8,Saturday,1
ORD201135,2023-12-28,C11473,Printer,2,73.41,146.82,SAVE10,0.1,14.68,132.14,146.82,562 Main St,Online,Shipped,TRK97793275,2,Google,2023,12,December,28,Thursday,0
ORD201136,2023-09-24,C71899,Tablet,3,668.33,2004.99,WINTER15,0.15,300.75,1704.24,2004.99,799 Main St,Gift Card,Pending,TRK34856025,4,Facebook,2023,9,September,24,Sunday,1
ORD201137,2024-07-29,C48577,Printer,4,410.21,1640.84,WINTER15,0.15,246.13,1394.71,1640.84,841 Main St,Cash,Pending,TRK59911645,5,Instagram,2024,7,July,29,Monday,0
ORD201138,2023-12-18,C13100,Desk,4,294.41,1177.64,NO_COUPON,0.0,0.0,1177.64,1177.64,188 Main St,Debit Card,Pending,TRK55565668,4,Instagram,2023,12,December,18,Monday,0
ORD201139,2025-03-01,C70659,Chair,3,501.82,1505.46,FREESHIP,0.0,0.0,1505.46,1505.46,568 Main St,Gift Card,Cancelled,TRK28290825,4,Email,2025,3,March,1,Saturday,1
ORD201140,2024-06-24,C49838,Printer,2,552.83,1105.66,NO_COUPON,0.0,0.0,1105.66,1105.66,904 Main St,Credit Card,Cancelled,TRK38297718,3,Referral,2024,6,June,24,Monday,0
ORD201141,2025-02-16,C11998,Chair,3,498.66,1495.98,NO_COUPON,0.0,0.0,1495.98,1495.98,382 Main St,Cash,Cancelled,TRK26707221,6,Email,2025,2,February,16,Sunday,1
ORD201142,2024-08-23,C23405,Phone,4,695.1,2780.4,NO_COUPON,0.0,0.0,2780.4,2780.4,484 Main St,Debit Card,Returned,TRK83678708,8,Email,2024,8,August,23,Friday,0
ORD201143,2023-04-03,C41132,Chair,1,381.61,381.61,NO_COUPON,0.0,0.0,381.61,381.61,114 Main St,Debit Card,Pending,TRK51040137,5,Email,2023,4,April,3,Monday,0
ORD201144,2023-02-16,C88463,Desk,5,507.94,2539.7,NO_COUPON,0.0,0.0,2539.7,2539.7,292 Main St,Online,Cancelled,TRK88749996,9,Facebook,2023,2,February,16,Thursday,0
ORD201145,2025-05-12,C28152,Desk,3,571.53,1714.59,FREESHIP,0.0,0.0,1714.59,1714.59,821 Main St,Debit Card,Delivered,TRK59642814,6,Facebook,2025,5,May,12,Monday,0
ORD201146,2024-10-03,C36383,Monitor,5,421.44,2107.2,SAVE10,0.1,210.72,1896.48,2107.2,286 Main St,Cash,Pending,TRK93336357,5,Instagram,2024,10,October,3,Thursday,0
ORD201147,2025-01-02,C19759,Chair,2,588.3,1176.6,FREESHIP,0.0,0.0,1176.6,1176.6,234 Main St,Online,Pending,TRK22515454,2,Email,2025,1,January,2,Thursday,0
ORD201148,2024-06-25,C54886,Phone,1,355.15,355.15,SAVE10,0.1,35.52,319.63,355.15,442 Main St,Cash,Returned,TRK66241930,2,Email,2024,6,June,25,Tuesday,0
ORD201149,2024-07-25,C27305,Chair,2,695.29,1390.58,FREESHIP,0.0,0.0,1390.58,1390.58,957 Main St,Credit Card,Pending,TRK28789916,6,Instagram,2024,7,July,25,Thursday,0
ORD201150,2023-02-20,C17921,Desk,4,302.65,1210.6,SAVE10,0.1,121.06,1089.54,1210.6,119 Main St,Credit Card,Cancelled,TRK79291524,8,Referral,2023,2,February,20,Monday,0
ORD201151,2023-01-29,C94381,Chair,2,608.04,1216.08,NO_COUPON,0.0,0.0,1216.08,1216.08,962 Main St,Cash,Cancelled,TRK69804304,4,Google,2023,1,January,29,Sunday,1
ORD201152,2023-11-09,C25162,Tablet,2,344.18,688.36,NO_COUPON,0.0,0.0,688.36,688.36,533 Main St,Credit Card,Shipped,TRK42183078,7,Referral,2023,11,November,9,Thursday,0
ORD201153,2024-12-16,C98317,Monitor,4,696.71,2786.84,NO_COUPON,0.0,0.0,2786.84,2786.84,276 Main St,Debit Card,Shipped,TRK37172138,4,Instagram,2024,12,December,16,Monday,0
ORD201154,2025-06-11,C53631,Monitor,3,198.63,595.89,SAVE10,0.1,59.59,536.3,595.89,593 Main St,Cash,Pending,TRK67589167,8,Instagram,2025,6,June,11,Wednesday,0
ORD201155,2023-08-13,C41478,Printer,4,534.57,2138.28,FREESHIP,0.0,0.0,2138.28,2138.28,667 Main St,Credit Card,Delivered,TRK62068126,6,Facebook,2023,8,August,13,Sunday,1
ORD201156,2023-07-19,C20512,Laptop,4,690.78,2763.12,NO_COUPON,0.0,0.0,2763.12,2763.12,980 Main St,Credit Card,Shipped,TRK98234737,9,Referral,2023,7,July,19,Wednesday,0
ORD201157,2024-05-29,C25841,Monitor,3,301.55,904.65,FREESHIP,0.0,0.0,904.65,904.65,242 Main St,Debit Card,Delivered,TRK21451375,5,Google,2024,5,May,29,Wednesday,0
ORD201158,2023-04-20,C82781,Monitor,4,27.42,109.68,SAVE10,0.1,10.97,98.71,109.68,661 Main St,Debit Card,Pending,TRK20605418,4,Referral,2023,4,April,20,Thursday,0
ORD201159,2024-02-23,C66112,Desk,4,466.7,1866.8,NO_COUPON,0.0,0.0,1866.8,1866.8,874 Main St,Debit Card,Returned,TRK60955607,8,Instagram,2024,2,February,23,Friday,0
ORD201160,2024-09-04,C40466,Desk,1,541.64,541.64,SAVE10,0.1,54.16,487.48,541.64,449 Main St,Debit Card,Shipped,TRK70255168,5,Email,2024,9,September,4,Wednesday,0
ORD201161,2023-10-16,C32570,Phone,1,11.39,11.39,WINTER15,0.15,1.71,9.68,11.39,826 Main St,Cash,Cancelled,TRK35969968,6,Email,2023,10,October,16,Monday,0
ORD201162,2025-03-11,C29405,Phone,2,224.37,448.74,WINTER15,0.15,67.31,381.43,448.74,251 Main St,Debit Card,Delivered,TRK33125798,3,Referral,2025,3,March,11,Tuesday,0
ORD201163,2024-06-11,C30643,Laptop,3,306.29,918.87,WINTER15,0.15,137.83,781.04,918.87,966 Main St,Credit Card,Returned,TRK19477485,7,Instagram,2024,6,June,11,Tuesday,0
ORD201164,2024-01-08,C65890,Tablet,5,315.57,1577.85,WINTER15,0.15,236.68,1341.17,1577.85,340 Main St,Debit Card,Delivered,TRK64530489,6,Email,2024,1,January,8,Monday,0
ORD201165,2023-07-14,C36992,Chair,3,223.79,671.37,NO_COUPON,0.0,0.0,671.37,671.37,617 Main St,Debit Card,Pending,TRK63460217,3,Google,2023,7,July,14,Friday,0
ORD201166,2023-07-31,C95568,Chair,3,324.47,973.41,WINTER15,0.15,146.01,827.4,973.41,971 Main St,Cash,Delivered,TRK37075292,4,Email,2023,7,July,31,Monday,0
ORD201167,2023-10-17,C17966,Printer,2,92.87,185.74,FREESHIP,0.0,0.0,185.74,185.74,360 Main St,Credit Card,Pending,TRK31169396,5,Facebook,2023,10,October,17,Tuesday,0
ORD201168,2023-04-08,C89559,Laptop,2,331.42,662.84,WINTER15,0.15,99.43,563.41,662.84,297 Main St,Credit Card,Delivered,TRK82838108,6,Google,2023,4,April,8,Saturday,1
ORD201169,2024-12-23,C15849,Chair,1,525.43,525.43,SAVE10,0.1,52.54,472.89,525.43,643 Main St,Cash,Cancelled,TRK26794546,2,Instagram,2024,12,December,23,Monday,0
ORD201170,2023-08-03,C94257,Printer,2,697.19,1394.38,FREESHIP,0.0,0.0,1394.38,1394.38,762 Main St,Cash,Returned,TRK40220743,7,Email,2023,8,August,3,Thursday,0
ORD201171,2023-08-28,C39911,Phone,4,518.4,2073.6,SAVE10,0.1,207.36,1866.24,2073.6,699 Main St,Credit Card,Delivered,TRK80431998,7,Facebook,2023,8,August,28,Monday,0
ORD201172,2025-02-04,C28828,Desk,3,131.96,395.88,NO_COUPON,0.0,0.0,395.88,395.88,745 Main St,Credit Card,Pending,TRK32550359,8,Instagram,2025,2,February,4,Tuesday,0
ORD201173,2024-10-04,C82921,Monitor,1,208.36,208.36,FREESHIP,0.0,0.0,208.36,208.36,703 Main St,Online,Shipped,TRK31079911,4,Email,2024,10,October,4,Friday,0
ORD201174,2023-11-27,C50159,Printer,3,222.34,667.02,WINTER15,0.15,100.05,566.97,667.02,105 Main St,Credit Card,Returned,TRK53737452,5,Email,2023,11,November,27,Monday,0
ORD201175,2024-09-10,C62512,Printer,3,91.74,275.22,FREESHIP,0.0,0.0,275.22,275.22,368 Main St,Debit Card,Returned,TRK24139954,8,Referral,2024,9,September,10,Tuesday,0
ORD201176,2023-08-13,C39260,Tablet,2,213.83,427.66,WINTER15,0.15,64.15,363.51,427.66,374 Main St,Debit Card,Cancelled,TRK55587314,2,Email,2023,8,August,13,Sunday,1
ORD201177,2023-04-27,C23917,Printer,1,127.55,127.55,SAVE10,0.1,12.76,114.79,127.55,433 Main St,Cash,Shipped,TRK44434536,3,Referral,2023,4,April,27,Thursday,0
ORD201178,2024-09-08,C65107,Monitor,1,70.24,70.24,FREESHIP,0.0,0.0,70.24,70.24,456 Main St,Credit Card,Cancelled,TRK10261578,4,Google,2024,9,September,8,Sunday,1
ORD201179,2023-01-08,C84630,Laptop,5,518.55,2592.75,WINTER15,0.15,388.91,2203.84,2592.75,907 Main St,Credit Card,Cancelled,TRK48054997,6,Instagram,2023,1,January,8,Sunday,1
ORD201180,2023-10-31,C42235,Chair,4,298.36,1193.44,FREESHIP,0.0,0.0,1193.44,1193.44,722 Main St,Debit Card,Pending,TRK49379882,8,Google,2023,10,October,31,Tuesday,0
ORD201181,2023-07-27,C70246,Desk,3,158.74,476.22,FREESHIP,0.0,0.0,476.22,476.22,293 Main St,Online,Pending,TRK45708320,7,Instagram,2023,7,July,27,Thursday,0
ORD201182,2025-06-14,C18473,Chair,2,420.29,840.58,SAVE10,0.1,84.06,756.52,840.58,700 Main St,Gift Card,Returned,TRK97834202,3,Google,2025,6,June,14,Saturday,1
ORD201183,2023-04-05,C12607,Desk,1,281.52,281.52,WINTER15,0.15,42.23,239.29,281.52,460 Main St,Gift Card,Shipped,TRK83653396,6,Referral,2023,4,April,5,Wednesday,0
ORD201184,2023-09-27,C10222,Laptop,1,204.08,204.08,NO_COUPON,0.0,0.0,204.08,204.08,979 Main St,Gift Card,Returned,TRK86297895,4,Google,2023,9,September,27,Wednesday,0
ORD201185,2024-07-08,C77344,Chair,1,343.31,343.31,SAVE10,0.1,34.33,308.98,343.31,777 Main St,Gift Card,Returned,TRK20605055,6,Google,2024,7,July,8,Monday,0
ORD201186,2023-11-18,C65497,Monitor,1,163.32,163.32,WINTER15,0.15,24.5,138.82,163.32,676 Main St,Cash,Shipped,TRK83702761,6,Facebook,2023,11,November,18,Saturday,1
ORD201187,2024-03-13,C26340,Desk,2,184.6,369.2,WINTER15,0.15,55.38,313.82,369.2,562 Main St,Gift Card,Delivered,TRK59962703,7,Email,2024,3,March,13,Wednesday,0
ORD201188,2023-10-07,C75619,Printer,2,371.29,742.58,WINTER15,0.15,111.39,631.19,742.58,924 Main St,Gift Card,Shipped,TRK23086941,5,Facebook,2023,10,October,7,Saturday,1
ORD201189,2024-08-17,C96136,Tablet,5,389.22,1946.1,NO_COUPON,0.0,0.0,1946.1,1946.1,149 Main St,Cash,Cancelled,TRK60856682,7,Referral,2024,8,August,17,Saturday,1
ORD201190,2025-06-08,C46886,Desk,3,616.39,1849.17,FREESHIP,0.0,0.0,1849.17,1849.17,754 Main St,Credit Card,Shipped,TRK82791646,6,Instagram,2025,6,June,8,Sunday,1
ORD201191,2025-02-10,C44148,Desk,4,376.43,1505.72,WINTER15,0.15,225.86,1279.86,1505.72,809 Main St,Gift Card,Pending,TRK67872709,5,Instagram,2025,2,February,10,Monday,0
ORD201192,2024-02-28,C72007,Chair,3,432.85,1298.55,NO_COUPON,0.0,0.0,1298.55,1298.55,999 Main St,Online,Pending,TRK16240916,4,Instagram,2024,2,February,28,Wednesday,0
ORD201193,2025-06-16,C45104,Tablet,1,687.89,687.89,FREESHIP,0.0,0.0,687.89,687.89,348 Main St,Cash,Returned,TRK38559816,1,Email,2025,6,June,16,Monday,0
ORD201194,2023-11-19,C29885,Printer,3,189.44,568.32,FREESHIP,0.0,0.0,568.32,568.32,725 Main St,Cash,Pending,TRK62067865,4,Email,2023,11,November,19,Sunday,1
ORD201195,2024-06-20,C21126,Desk,1,107.04,107.04,FREESHIP,0.0,0.0,107.04,107.04,392 Main St,Credit Card,Cancelled,TRK38009181,6,Google,2024,6,June,20,Thursday,0
ORD201196,2024-03-04,C20095,Monitor,2,662.53,1325.06,NO_COUPON,0.0,0.0,1325.06,1325.06,778 Main St,Online,Cancelled,TRK69207593,5,Facebook,2024,3,March,4,Monday,0
ORD201197,2023-07-13,C79674,Tablet,2,436.84,873.68,FREESHIP,0.0,0.0,873.68,873.68,275 Main St,Online,Delivered,TRK88039356,2,Instagram,2023,7,July,13,Thursday,0
ORD201198,2024-08-22,C64753,Chair,4,262.52,1050.08,WINTER15,0.15,157.51,892.57,1050.08,509 Main St,Debit Card,Cancelled,TRK71683331,4,Instagram,2024,8,August,22,Thursday,0
ORD201199,2023-06-11,C57502,Tablet,4,560.58,2242.32,SAVE10,0.1,224.23,2018.09,2242.32,201 Main St,Gift Card,Returned,TRK51116746,6,Referral,2023,6,June,11,Sunday,1
